shopeeName,shopeePrice,shopeeCode,shopeeCategory,mainName,store_old_price,sign_price,stock_delivery_target,stock_grab_check,stock_lm_check,stock_shopee_check,firestore_store,firestore_delivery,matchType
ปังมันม่วง อบสด โฮมเมด,35,2718363917855232,เบเกอรี่ & ไอศครีม,ปังมันม่วง อบสด โฮมเมด,19,25,37,37,37,37.00,25,37,shopee_name_exact
ชิโอปัง (Shio Pan) โฮมเมด ใหญ่ขึ้น,30,2702834868003840,เบเกอรี่ & ไอศครีม,ชิโอปัง (Shio Pan) โฮมเมด ใหญ่ขึ้น,19,25,37,37,37,37.00,,,shopee_name_exact
มันไทยอบ ดั้งเดิม,25,2967472896374784,เบเกอรี่ & ไอศครีม,มันไทยอบ ดั้งเดิม,13,15,23,23,,23.00,,,shopee_name_exact
วาฟเฟิลเบลเยียม โฮมเมด,25,3137372581526016,เบเกอรี่ & ไอศครีม,วาฟเฟิลเบลเยียม โฮมเมด,13,15,23,23,23,23.00,15,23,shopee_name_exact
ซอฟต์คุกกี้ โฮมเมด (เลือกได้),25,2950619592160768,เบเกอรี่ & ไอศครีม,ซอฟต์คุกกี้ โฮมเมด (เลือกได้),15,17,26,26,26,26.00,17,26,shopee_name_exact
เค้กกล้วยหอม โฮมเมด,25,2991758051948544,เบเกอรี่ & ไอศครีม,เค้กกล้วยหอม โฮมเมด,13,15,23,23,23,23.00,15,23,shopee_name_exact
บราวนี่โฮมเมด,25,2763730334689792,เบเกอรี่ & ไอศครีม,บราวนี่โฮมเมด,13,15,23,23,23,23.00,15,23,shopee_name_exact
ปังเนยกรอบอบไอน้ำ,25,2676059704648192,เบเกอรี่ & ไอศครีม,ปังเนยกรอบอบไอน้ำ,19,25,37,37,37,37.00,25,37,shopee_name_exact
Ice Cream To-Go แก้วใหญ่ 16oz (แถมถุงเย็น),35,2738717429164544,เบเกอรี่ & ไอศครีม,Ice Cream To-Go แก้วใหญ่ 16oz (แถมถุงเย็น),25,29,43,43,43,43.00,29,43,shopee_name_exact
ชานมไข่มุก (เย็น/ปั่น),40,2035915327775232,"Signature Drinks (เย็น, ปั่น)",ชานมไข่มุก (เย็น/ปั่น),24,29,43,43,43,43.00,29,43,shopee_name_exact
ชานมไข่มุกบราวน์ชูการ์ (เย็น/ปั่น),65,2035926352093184,"Signature Drinks (เย็น, ปั่น)",ชานมไข่มุกบราวน์ชูการ์ (เย็น/ปั่น),39,45,67,67,67,67.00,45,67,shopee_name_exact
โกโก้สตรอว์เบอร์รี (เย็น/ปั่น),55,2035929394717184,"Signature Drinks (เย็น, ปั่น)",โกโก้สตรอว์เบอร์รี (เย็น/ปั่น),34,39,58,58,58,58.00,39,58,shopee_name_exact
ชาไทยชีส (เย็น/ปั่น),75,2035955801760256,"Signature Drinks (เย็น, ปั่น)",ชาไทยชีส (เย็น/ปั่น),44,49,73,73,73,73.00,49,73,shopee_name_exact
โกโก้มิ้นต์ (เย็น/ปั่น),55,2035956504945152,"Signature Drinks (เย็น, ปั่น)",โกโก้มิ้นต์ (เย็น/ปั่น),34,39,58,58,58,58.00,39,58,shopee_name_exact
กาแฟโบราณ บราวน์ชูการ์ (เย็น/ปั่น),65,2035957223202816,"Signature Drinks (เย็น, ปั่น)",กาแฟโบราณ บราวน์ชูการ์ (เย็น/ปั่น),39,45,67,67,67,67.00,45,67,shopee_name_exact
ชาเขียวนม (เย็น/ปั่น),40,2035963095818240,"Signature Drinks (เย็น, ปั่น)",ชาเขียวนม (เย็น/ปั่น),24,29,43,43,43,43.00,29,43,shopee_name_exact
โกโก้ (เย็น/ปั่น),40,2035950934172160,"Signature Drinks (เย็น, ปั่น)",โกโก้ (เย็น/ปั่น),24,29,43,43,43,43.00,29,43,shopee_name_exact
โกโก้ลาวาช็อกขูด (เย็น/ปั่น),75,2970522469726208,"Signature Drinks (เย็น, ปั่น)",โกโก้ลาวาช็อกขูด (เย็น/ปั่น),44,49,73,73,73,73.00,49,73,shopee_name_exact
ชานมชีส (เย็น/ปั่น),65,2035962409689088,"Signature Drinks (เย็น, ปั่น)",ชานมชีส (เย็น/ปั่น),39,45,67,67,67,67.00,45,67,shopee_name_exact
ชาจัสมินฝูเจี้ยน (เย็น/ปั่น) 16 oz,50,2944861680138240,"ชานมสดคราฟต์ (เย็น, ปั่น)",ชาจัสมินฝูเจี้ยน (เย็น/ปั่น) 16 oz,29,35,52,52,52,52.00,,,shopee_name_exact
ชาอู่หลงเย็น,30,2748382045219328,ชา,ชาอู่หลงเย็น,19,25,37,37,37,37.00,25,37,shopee_name_exact
ชาอู่หลงน้ำผึ้ง,40,2748383136392704,ชา,ชาอู่หลงน้ำผึ้ง,24,29,43,43,43,43.00,29,43,shopee_name_exact
ชาอู่หลงน้ำผึ้งมะนาว,40,2748385436329472,ชา,ชาอู่หลงน้ำผึ้งมะนาว,24,29,43,43,43,43.00,29,43,shopee_name_exact
ชาดำเย็น,30,2035973480783872,ชา,ชาดำเย็น,19,25,37,37,37,37.00,25,37,shopee_name_exact
ชาเขียวมะลิ,30,2035974334947328,ชา,ชาเขียวมะลิ,19,25,37,37,37,37.00,25,37,shopee_name_exact
ชาสตรอว์เบอร์รี,30,2035976159748608,ชา,ชาสตรอว์เบอร์รี,19,25,37,37,37,37.00,25,37,shopee_name_exact
ชาลิ้นจี่,30,2036011307360256,ชา,ชาลิ้นจี่,19,25,37,37,37,37.00,25,37,shopee_name_exact
ชามะนาว,40,2036011953496576,ชา,ชามะนาว,24,29,43,43,43,43.00,29,43,shopee_name_exact
ชาแอปเปิ้ล,30,2036013205692416,ชา,ชาแอปเปิ้ล,19,25,37,37,37,37.00,25,37,shopee_name_exact
ชาเสาวรส,30,2036013836541952,ชา,ชาเสาวรส,19,25,37,37,37,37.00,25,37,shopee_name_exact
ชาบลูเบอร์รี่,30,2036014408409600,ชา,ชาบลูเบอร์รี่,19,25,37,37,37,37.00,25,37,shopee_name_exact
มัทฉะลาเต้ (Matcha Latte),65,2534314857043968,มัทฉะแท้,มัทฉะลาเต้ (Matcha Latte),39,45,67,67,67,67.00,45,67,shopee_name_exact
มัทฉะครีมชีส (Matcha Cheese Tea),80,2534590891660800,มัทฉะแท้,มัทฉะครีมชีส (Matcha Cheese Tea),49,55,82,82,82,82.00,55,82,shopee_name_exact
เพียวมัทฉะ (Pure Matcha),50,2534623812442112,มัทฉะแท้,เพียวมัทฉะ (Pure Matcha),29,35,52,52,52,52.00,35,52,shopee_name_exact
มัทฉะบราวน์ชูการ์ไข่มุก (Matcha Brown Sugar Boba),75,2534835210999808,มัทฉะแท้,มัทฉะบราวน์ชูการ์ไข่มุก (Matcha Brown Sugar Boba),45,49,73,73,73,73.00,49,73,shopee_name_exact
มัทฉะมะพร้าว,75,2568233223560192,มัทฉะแท้,มัทฉะมะพร้าว,45,49,73,73,73,73.00,49,73,shopee_name_exact
มัทฉะมะพร้าวนม,75,2568243239148032,มัทฉะแท้,มัทฉะมะพร้าวนม,45,49,73,73,73,73.00,49,73,shopee_name_exact
มัทฉะเลม่อนเย็น (Matcha Lemon),60,2685485808034304,มัทฉะแท้,มัทฉะเลม่อนเย็น (Matcha Lemon),35,39,58,58,58,58.00,39,58,shopee_name_exact
ชานมใต้หวัน (เย็น/ปั่น),30,2035963759337472,"ชานม (เย็น, ปั่น)",ชานมใต้หวัน (เย็น/ปั่น),19,25,37,37,37,37.00,25,37,shopee_name_exact
ชาไทย (เย็น/ปั่น),40,2035964543181312,"ชานม (เย็น, ปั่น)",ชาไทย (เย็น/ปั่น),24,29,43,43,43,,29,43,shopee_name_exact
ชานมเฮเซลนัท (เย็น/ปั่น),50,2035965318586880,"ชานม (เย็น, ปั่น)",ชานมเฮเซลนัท (เย็น/ปั่น),29,35,52,52,52,52.00,35,52,shopee_name_exact
ชานมกาแฟ (เย็น/ปั่น),40,2035966040252416,"ชานม (เย็น, ปั่น)",ชานมกาแฟ (เย็น/ปั่น),24,29,43,43,43,43.00,29,43,shopee_name_exact
ชานมคาราเมล (เย็น/ปั่น),50,2035966767997440,"ชานม (เย็น, ปั่น)",ชานมคาราเมล (เย็น/ปั่น),29,35,52,52,52,52.00,35,52,shopee_name_exact
ชานมมิ้นต์ (เย็น/ปั่น),50,2035970393153536,"ชานม (เย็น, ปั่น)",ชานมมิ้นต์ (เย็น/ปั่น),29,35,52,52,52,52.00,35,52,shopee_name_exact
ชานมเผือก (เย็น/ปั่น),50,2035971219087360,"ชานม (เย็น, ปั่น)",ชานมเผือก (เย็น/ปั่น),29,35,52,52,52,52.00,35,52,shopee_name_exact
ชาไทยมันม่วง,65,2653285325527552,"ชานม (เย็น, ปั่น)",ชาไทยมันม่วง,39,45,67,67,67,67.00,45,67,shopee_name_exact
ชานมมันม่วง,65,2653291415755776,"ชานม (เย็น, ปั่น)",ชานมมันม่วง,39,45,67,67,67,67.00,45,67,shopee_name_exact
ชาส้มยูสุ,65,2036029215105024,ชาผลไม้,ชาส้มยูสุ,39,45,67,67,67,67.00,45,67,shopee_name_exact
ชาพีช,65,2036029991477760,ชาผลไม้,ชาพีช,39,45,67,67,67,67.00,45,67,shopee_name_exact
ชาผลไม้รวม,65,2036030560920064,ชาผลไม้,ชาผลไม้รวม,39,45,67,67,67,67.00,45,67,shopee_name_exact
ชามิกซ์เบอร์รี่,65,2036031220129792,ชาผลไม้,ชามิกซ์เบอร์รี่,39,45,67,67,67,67.00,45,67,shopee_name_exact
ชาพีชส้มยูสุ,75,2036031881322496,ชาผลไม้,ชาพีชส้มยูสุ,49,55,82,82,82,82.00,55,82,shopee_name_exact
สตรอเบอร์รี่ปั่น แก้วใหญ่ 22 ออนซ์,50,2634634361788928,ผลไม้ปั่น & สมูทตี้,สตรอเบอร์รี่ปั่น แก้วใหญ่ 22 ออนซ์,29,35,52,52,52,52.00,35,52,shopee_name_exact
(สมูทตี้) สตรอเบอร์รี่ แก้วใหญ่ 22 ออนซ์,65,2634654449867776,ผลไม้ปั่น & สมูทตี้,(สมูทตี้) สตรอเบอร์รี่ แก้วใหญ่ 22 ออนซ์,39,45,67,67,67,67.00,45,67,shopee_name_exact
มิกซ์เบอร์รี่ปั่น แก้วใหญ่ 22 ออนซ์,75,2639167031270400,ผลไม้ปั่น & สมูทตี้,มิกซ์เบอร์รี่ปั่น แก้วใหญ่ 22 ออนซ์,44,49,73,73,73,73.00,49,73,shopee_name_exact
(สมูทตี้) มิกซ์เบอร์รี่ แก้วใหญ่ 22 ออนซ์,85,2639168936892928,ผลไม้ปั่น & สมูทตี้,(สมูทตี้) มิกซ์เบอร์รี่ แก้วใหญ่ 22 ออนซ์,54,59,87,87,87,87.00,59,87,shopee_name_exact
ส้มปั่น แก้วใหญ่ 22 ออนซ์,55,2640118287964672,ผลไม้ปั่น & สมูทตี้,ส้มปั่น แก้วใหญ่ 22 ออนซ์,34,39,58,58,58,58.00,39,58,shopee_name_exact
(สมูทตี้) ส้ม แก้วใหญ่ 22 ออนซ์,80,2640133131557376,ผลไม้ปั่น & สมูทตี้,(สมูทตี้) ส้ม แก้วใหญ่ 22 ออนซ์,49,55,82,82,82,82.00,55,82,shopee_name_exact
มะม่วงปั่น แก้วใหญ่ 22 ออนซ์,55,2643251108862464,ผลไม้ปั่น & สมูทตี้,มะม่วงปั่น แก้วใหญ่ 22 ออนซ์,34,39,58,58,58,58.00,39,58,shopee_name_exact
(สมูทตี้) มะม่วง แก้วใหญ่ 22 ออนซ์,85,2643254118750720,ผลไม้ปั่น & สมูทตี้,(สมูทตี้) มะม่วง แก้วใหญ่ 22 ออนซ์,54,59,87,87,87,87.00,59,87,shopee_name_exact
(สมูทตี้) มันม่วง แก้วใหญ่ 22 ออนซ์,65,2653300422876160,ผลไม้ปั่น & สมูทตี้,(สมูทตี้) มันม่วง แก้วใหญ่ 22 ออนซ์,49,55,82,82,82,82.00,55,82,shopee_name_exact
โอวัลติน (เย็น/ปั่น),40,2035945924894720,"นม (เย็น, ปั่น)",โอวัลติน (เย็น/ปั่น),24,29,43,43,43,43.00,29,43,shopee_name_exact
นมสดเย็น (เย็น/ปั่น),40,2035946936360960,"นม (เย็น, ปั่น)",นมสดเย็น (เย็น/ปั่น),24,29,43,43,43,43.00,29,43,shopee_name_exact
นมสดน้ำผึ้ง (เย็น/ปั่น),55,2035948064661504,"นม (เย็น, ปั่น)",นมสดน้ำผึ้ง (เย็น/ปั่น),34,39,58,58,58,58.00,39,58,shopee_name_exact
นมสดคาราเมล (เย็น/ปั่น),55,2035948795551744,"นม (เย็น, ปั่น)",นมสดคาราเมล (เย็น/ปั่น),34,39,58,58,58,58.00,39,58,shopee_name_exact
นมมรกต (เย็น/ปั่น),50,2035949566386176,"นม (เย็น, ปั่น)",นมมรกต (เย็น/ปั่น),29,35,52,52,52,52.00,35,52,shopee_name_exact
นมสดเผือก (เย็น/ปั่น),55,2035950191992832,"นม (เย็น, ปั่น)",นมสดเผือก (เย็น/ปั่น),34,39,58,58,58,58.00,39,58,shopee_name_exact
นมสดมิ้นต์ (เย็น/ปั่น),55,2035951546671104,"นม (เย็น, ปั่น)",นมสดมิ้นต์ (เย็น/ปั่น),34,39,58,58,58,58.00,39,58,shopee_name_exact
ไมโล (เย็น/ปั่น),40,2035952592658432,"นม (เย็น, ปั่น)",ไมโล (เย็น/ปั่น),24,29,43,43,43,43.00,29,43,shopee_name_exact
นมสดไข่มุกบราวน์ชูการ์ (เย็น/ปั่น),75,2035953395212800,"นม (เย็น, ปั่น)",นมสดไข่มุกบราวน์ชูการ์ (เย็น/ปั่น),44,49,73,73,73,73.00,49,73,shopee_name_exact
นมสดเฮเซลนัท (เย็น/ปั่น),55,2035954600386560,"นม (เย็น, ปั่น)",นมสดเฮเซลนัท (เย็น/ปั่น),34,39,58,58,58,58.00,39,58,shopee_name_exact
นมชมพู (เย็น/ปั่น),50,2035955132063744,"นม (เย็น, ปั่น)",นมชมพู (เย็น/ปั่น),29,35,52,52,52,52.00,35,52,shopee_name_exact
นมสดมันม่วง,65,2653296383105536,"นม (เย็น, ปั่น)",นมสดมันม่วง,39,45,67,67,67,67.00,45,67,shopee_name_exact
น้ำเต้าหู้สูตรดั้งเดิม (เย็น/ปั่น),40,2591167330294272,"เบาเบากับน้ำเต้าหู้ (เย็น, ปั่น)",น้ำเต้าหู้สูตรดั้งเดิม (เย็น/ปั่น),24,29,43,43,43,43.00,29,43,shopee_name_exact
น้ำเต้าหู้นมสด (เย็น/ปั่น),40,2591168375168000,"เบาเบากับน้ำเต้าหู้ (เย็น, ปั่น)",น้ำเต้าหู้นมสด (เย็น/ปั่น),24,29,43,43,43,43.00,29,43,shopee_name_exact
น้ำเต้าหู้โอวัลติน (เย็น/ปั่น),40,2591173929278464,"เบาเบากับน้ำเต้าหู้ (เย็น, ปั่น)",น้ำเต้าหู้โอวัลติน (เย็น/ปั่น),24,29,43,43,43,43.00,29,43,shopee_name_exact
น้ำเต้าหู้เผือก (เย็น/ปั่น),55,2591179103066624,"เบาเบากับน้ำเต้าหู้ (เย็น, ปั่น)",น้ำเต้าหู้เผือก (เย็น/ปั่น),34,39,58,58,58,58.00,39,58,shopee_name_exact
น้ำเต้าหู้โกโก้ (เย็น/ปั่น),40,2591186275916288,"เบาเบากับน้ำเต้าหู้ (เย็น, ปั่น)",น้ำเต้าหู้โกโก้ (เย็น/ปั่น),24,29,43,43,43,43.00,29,43,shopee_name_exact
โกปี๊อ้อ  (โอเลี้ยง) (เย็น/ปั่น),30,2001840413628416,"กาแฟ (เย็น, ปั่น)",โกปี๊อ้อ (โอเลี้ยง) (เย็น/ปั่น),19,25,37,37,37,37.00,25,37,shopee_name_exact
โกปี๊ ยกล้อ (ใส่นม) (เย็น/ปั่น),40,2035958178849280,"กาแฟ (เย็น, ปั่น)",โกปี๊ ยกล้อ (ใส่นม) (เย็น/ปั่น),24,29,43,43,43,43.00,29,43,shopee_name_exact
โกปี๊ โบราณ (เย็น/ปั่น),40,2035959022821376,"กาแฟ (เย็น, ปั่น)",โกปี๊ โบราณ (เย็น/ปั่น),24,29,43,43,43,43.00,29,43,shopee_name_exact
เนสกาแฟ (เย็น/ปั่น),40,2035959681572864,"กาแฟ (เย็น, ปั่น)",เนสกาแฟ (เย็น/ปั่น),24,29,43,43,43,43.00,29,43,shopee_name_exact
มอคค่า (เย็น/ปั่น),50,2035960316469248,"กาแฟ (เย็น, ปั่น)",มอคค่า (เย็น/ปั่น),29,35,52,52,52,52.00,35,52,shopee_name_exact
ลาเต้ (เย็น/ปั่น),50,2035961126806016,"กาแฟ (เย็น, ปั่น)",ลาเต้ (เย็น/ปั่น),29,35,52,52,52,52.00,35,52,shopee_name_exact
แดงโซดา,30,2036016510902784,อินตาเลียนโซดา,แดงโซดา,19,25,37,37,37,37.00,25,37,shopee_name_exact
เขียวโซดา,30,2036017101955584,อินตาเลียนโซดา,เขียวโซดา,19,25,37,37,37,37.00,25,37,shopee_name_exact
น้ำผึ้งมะนาวโซดา,50,2036018203664896,อินตาเลียนโซดา,น้ำผึ้งมะนาวโซดา,29,35,52,52,52,52.00,35,52,shopee_name_exact
แดงมะนาวโซดา,50,2036019807199232,อินตาเลียนโซดา,แดงมะนาวโซดา,29,35,52,52,52,52.00,35,52,shopee_name_exact
เขียวมะนาวโซดา,50,2036020665278976,อินตาเลียนโซดา,เขียวมะนาวโซดา,29,35,52,52,52,52.00,35,52,shopee_name_exact
บ๊วยโซดา,40,2036021911478784,อินตาเลียนโซดา,บ๊วยโซดา,24,29,43,43,43,43.00,29,43,shopee_name_exact
มะนาวโซดา,40,2036022599246336,อินตาเลียนโซดา,มะนาวโซดา,24,29,43,43,43,43.00,29,43,shopee_name_exact
สตรอว์เบอร์รีโซดา,30,2036023190970368,อินตาเลียนโซดา,สตรอว์เบอร์รีโซดา,19,25,37,37,37,37.00,25,37,shopee_name_exact
เสาวรสโซดา,30,2036023845904384,อินตาเลียนโซดา,เสาวรสโซดา,19,25,37,37,37,37.00,25,37,shopee_name_exact
ลิ้นจี่โซดา,30,2036024399880192,อินตาเลียนโซดา,ลิ้นจี่โซดา,19,25,37,37,37,37.00,25,37,shopee_name_exact
บลูเบอร์รี่โซดา,30,2036025039052800,อินตาเลียนโซดา,บลูเบอร์รี่โซดา,19,25,37,37,37,37.00,25,37,shopee_name_exact
แอปเปิ้ลโซดา,30,2036025616605696,อินตาเลียนโซดา,แอปเปิ้ลโซดา,19,25,37,37,37,37.00,25,37,shopee_name_exact
บลูฮาวายโซดา,30,2036026321018880,อินตาเลียนโซดา,บลูฮาวายโซดา,19,25,37,37,37,37.00,25,37,shopee_name_exact
0% แคล ชาลิ้นจี่,30,2482308320284160,0% แคล ชาเพื่อสุขภาพ,0% แคล ชาลิ้นจี่,19,25,37,37,37,37.00,25,37,shopee_name_exact
0% แคล ชาสละ,30,2482309736599040,0% แคล ชาเพื่อสุขภาพ,0% แคล ชาสละ,19,25,37,37,37,37.00,25,37,shopee_name_exact
0% แคล ชาองุ่น,30,2482311366315520,0% แคล ชาเพื่อสุขภาพ,0% แคล ชาองุ่น,19,25,37,37,37,37.00,25,37,shopee_name_exact
0% แคล ชาพีช,30,2483534695534080,0% แคล ชาเพื่อสุขภาพ,0% แคล ชาพีช,19,25,37,37,37,37.00,25,37,shopee_name_exact
0% แคล ชาน้ำผึ้ง,30,2483536546172416,0% แคล ชาเพื่อสุขภาพ,0% แคล ชาน้ำผึ้ง,19,25,37,37,37,37.00,25,37,shopee_name_exact
0% แคล ชาน้ำผึ้งมะนาว,30,2483538555735040,0% แคล ชาเพื่อสุขภาพ,0% แคล ชาน้ำผึ้งมะนาว,19,25,37,37,37,37.00,25,37,shopee_name_exact
0% แคล ชาแคนตาลูป,30,2486652702198784,0% แคล ชาเพื่อสุขภาพ,0% แคล ชาแคนตาลูป,19,25,37,37,37,37.00,25,37,shopee_name_exact
0% แคล ชาฟรุตพันช์,30,2486653864250368,0% แคล ชาเพื่อสุขภาพ,0% แคล ชาฟรุตพันช์,19,25,37,37,37,37.00,25,37,shopee_name_exact
0% แคล ชามะลิ,30,2486655182490624,0% แคล ชาเพื่อสุขภาพ,0% แคล ชามะลิ,19,25,37,37,37,37.00,25,37,shopee_name_exact
0% แคล โซดาลิ้นจี่,30,2486660673801728,0% แคล โซดาซ่าเพื่อสุขภาพ,0% แคล โซดาลิ้นจี่,19,25,37,37,37,37.00,25,37,shopee_name_exact
0% แคล โซดาน้ำผึ้ง,30,2486663893191680,0% แคล โซดาซ่าเพื่อสุขภาพ,0% แคล โซดาน้ำผึ้ง,19,25,37,37,37,37.00,25,37,shopee_name_exact
0% แคล โซดาน้ำผึ้งมะนาว,30,2486666748726784,0% แคล โซดาซ่าเพื่อสุขภาพ,0% แคล โซดาน้ำผึ้งมะนาว,19,25,37,37,37,37.00,25,37,shopee_name_exact
0% แคล โซดาองุ่น,30,2486669035671040,0% แคล โซดาซ่าเพื่อสุขภาพ,0% แคล โซดาองุ่น,19,25,37,37,37,37.00,25,37,shopee_name_exact
0% แคล โซดาแคนตาลูป,30,2488093025963520,0% แคล โซดาซ่าเพื่อสุขภาพ,0% แคล โซดาแคนตาลูป,19,25,37,37,37,37.00,25,37,shopee_name_exact
0% แคล โซดาพีช,30,2488095588060160,0% แคล โซดาซ่าเพื่อสุขภาพ,0% แคล โซดาพีช,19,25,37,37,37,37.00,25,37,shopee_name_exact
0% แคล โซดาฟรุตพันช์,30,2488097824525312,0% แคล โซดาซ่าเพื่อสุขภาพ,0% แคล โซดาฟรุตพันช์,19,25,37,37,37,37.00,25,37,shopee_name_exact
กาแฟสด อเมริกาโน่ เย็น 16 ออนซ์,50,2463263179654144,* กาแฟสดเข้มข้น,กาแฟสด อเมริกาโน่ เย็น 16 ออนซ์,29,35,52,52,52,52.00,35,52,shopee_name_exact
กาแฟสด เอสเปรสโซ่ เย็น 16 ออนซ์,60,2463265350189568,* กาแฟสดเข้มข้น,กาแฟสด เอสเปรสโซ่ เย็น 16 ออนซ์,35,39,58,58,58,58.00,39,58,shopee_name_exact
กาแฟสด ลองแบล็ค เย็น 16 ออนซ์,50,2466129961927680,* กาแฟสดเข้มข้น,กาแฟสด ลองแบล็ค เย็น 16 ออนซ์,29,35,52,52,52,52.00,35,52,shopee_name_exact
กาแฟสด เอสเปรสโซ่ไทยสไตล์ เย็น 16 ออนซ์,50,2471227068632064,* กาแฟสดเข้มข้น,กาแฟสด เอสเปรสโซ่ไทยสไตล์ เย็น 16 ออนซ์,29,35,52,52,52,52.00,35,52,shopee_name_exact
กาแฟสด โอเลี้ยง เย็น 16 ออนซ์,50,2473114179980288,* กาแฟสดเข้มข้น,กาแฟสด โอเลี้ยง เย็น 16 ออนซ์,29,35,52,52,52,52.00,35,52,shopee_name_exact
กาแฟสด กาแฟโบราณ เย็น 16 ออนซ์,50,2473119347035136,* กาแฟสดเข้มข้น,กาแฟสด กาแฟโบราณ เย็น 16 ออนซ์,29,35,52,52,52,52.00,35,52,shopee_name_exact
กาแฟสด โอเลี้ยงเฮเซลนัท เย็น 16 ออนซ์,50,2476703913102336,* กาแฟสดเข้มข้น,กาแฟสด โอเลี้ยงเฮเซลนัท เย็น 16 ออนซ์,29,35,52,52,52,52.00,35,52,shopee_name_exact
กาแฟสด มอคค่า เย็น 16 ออนซ์,60,2531306903050240,* กาแฟสดเข้มข้น,กาแฟสด มอคค่า เย็น 16 ออนซ์,35,39,58,58,58,58.00,39,58,shopee_name_exact
กาแฟสด ลาเต้ เย็น 16 ออนซ์,60,2463264255804416,* กาแฟสดนมนุ่มละมุน,กาแฟสด ลาเต้ เย็น 16 ออนซ์,35,39,58,58,58,58.00,39,58,shopee_name_exact
กาแฟสด คาปูชิโน่ เย็น 16 ออนซ์,60,2463266156052992,* กาแฟสดนมนุ่มละมุน,กาแฟสด คาปูชิโน่ เย็น 16 ออนซ์,35,39,58,58,58,58.00,39,58,shopee_name_exact
กาแฟสด แฟลตไวท์ เย็น 16 ออนซ์,60,2466134036087296,* กาแฟสดนมนุ่มละมุน,กาแฟสด แฟลตไวท์ เย็น 16 ออนซ์,35,39,58,58,58,58.00,39,58,shopee_name_exact
กาแฟสด มอคค่า เย็น 16 ออนซ์,50,2471217986505728,* กาแฟสดนมนุ่มละมุน,กาแฟสด มอคค่า เย็น 16 ออนซ์,35,39,58,58,58,58.00,39,58,shopee_name_exact
กาแฟสด คาราเมลมัคคิอาโต้ เย็น 16 ออนซ์,65,2471222752218112,* กาแฟสดนมนุ่มละมุน,กาแฟสด คาราเมลมัคคิอาโต้ เย็น 16 ออนซ์,39,45,67,67,67,67.00,,,shopee_name_exact
ช็อกโกแลตมิลค์ เย็น 16 ออนซ์,50,2473112192256512,* กาแฟสดนมนุ่มละมุน,ช็อกโกแลตมิลค์ เย็น 16 ออนซ์,29,35,52,52,52,52.00,35,52,shopee_name_exact
กาแฟสด ช็อกโกแลตเอสเปรสโซ่ เย็น 16 ออนซ์,50,2476707554249216,* กาแฟสดนมนุ่มละมุน,กาแฟสด ช็อกโกแลตเอสเปรสโซ่ เย็น 16 ออนซ์,29,35,52,52,52,52.00,35,52,shopee_name_exact
กาแฟสด โอวัลตินช็อตกาแฟ เย็น 16 ออนซ์,50,2476714197240320,* กาแฟสดนมนุ่มละมุน,กาแฟสด โอวัลตินช็อตกาแฟ เย็น 16 ออนซ์,29,35,52,52,52,52.00,35,52,shopee_name_exact
กาแฟสด น้ำผึ้งมะนาว เย็น 16 ออนซ์,50,2476793101568512,* กาแฟสดฟิวชันสดชื่น,กาแฟสด น้ำผึ้งมะนาว เย็น 16 ออนซ์,29,35,52,52,52,52.00,35,52,shopee_name_exact
กาแฟสดโซดา เอสเปรสโซ่เสาวรส เย็น 16 ออนซ์,40,2478149939087872,* กาแฟสดฟิวชันสดชื่น,กาแฟสดโซดา เอสเปรสโซ่เสาวรส เย็น 16 ออนซ์,25,29,43,43,43,43.00,29,43,shopee_name_exact
กาแฟสด อเมริกาโน่ (Americano) ร้อน 12 ออนซ์,40,2466156880004096,* กาแฟสด อื่นๆ ร้อน,กาแฟสด อเมริกาโน่ (Americano) ร้อน 12 ออนซ์,25,29,43,43,43,43.00,29,43,shopee_name_exact
กาแฟสด Espresso (เอสเปรสโซ่) ร้อน 12 ออนซ์,50,2466162749407744,* กาแฟสด อื่นๆ ร้อน,กาแฟสด Espresso (เอสเปรสโซ่) ร้อน 12 ออนซ์,29,35,52,52,52,52.00,35,52,shopee_name_exact
กาแฟสด ลาเต้ (Latte) ร้อน 12 ออนซ์,50,2466170085344256,* กาแฟสด อื่นๆ ร้อน,กาแฟสด ลาเต้ (Latte) ร้อน 12 ออนซ์,29,35,52,52,52,52.00,35,52,shopee_name_exact
กาแฟสด Cappuccino (คาปูชิโน่) ร้อน 12 ออนซ์,50,2466182941787136,* กาแฟสด อื่นๆ ร้อน,กาแฟสด Cappuccino (คาปูชิโน่) ร้อน 12 ออนซ์,29,35,52,52,52,,35,52,shopee_name_exact
กาแฟสด มอคค่า ร้อน 12 ออนซ์,50,2476745102904320,* กาแฟสด อื่นๆ ร้อน,กาแฟสด มอคค่า ร้อน 12 ออนซ์,29,35,52,52,52,52.00,35,52,shopee_name_exact
นมร้อน 12 ออนซ์,30,2481063311002624,* กาแฟสด อื่นๆ ร้อน,นมร้อน 12 ออนซ์,19,25,37,37,37,37.00,25,37,shopee_name_exact
กาแฟสด คาราเมลลาเต้ร้อน 12 ออนซ์,60,2481065432648704,* กาแฟสด อื่นๆ ร้อน,กาแฟสด คาราเมลลาเต้ร้อน 12 ออนซ์,35,39,58,58,58,58.00,39,58,shopee_name_exact
เจลลี่ผลไม้,8,2534735346358272,ท็อปปิ้ง,เจลลี่ผลไม้,5,7,11,11,11,11.00,7,11,shopee_name_exact
ไข่มุก,8,2534736407303680,ท็อปปิ้ง,ไข่มุก,5,7,11,11,11,,7,11,shopee_name_exact
เฉาก๊วยหนึบเนื้อแน่น,15,2579384402156544,ท็อปปิ้ง,เฉาก๊วยหนึบเนื้อแน่น,9,12,18,18,18,18.00,12,18,shopee_name_exact
บุกบราวน์ชูการ์,15,2534737451636736,ท็อปปิ้ง,บุกบราวน์ชูการ์,10,12,18,18,18,18.00,12,18,shopee_name_exact
บุกน้ำผึ้ง,15,2534738596206080,ท็อปปิ้ง,บุกน้ำผึ้ง,10,12,18,18,18,18.00,12,18,shopee_name_exact
บุกน้ำตาล,15,2534740326356480,ท็อปปิ้ง,บุกน้ำตาล,10,12,18,18,18,18.00,12,18,shopee_name_exact
ซอสบราวน์ชูการ์,25,2534742297892864,ท็อปปิ้ง,ซอสบราวน์ชูการ์,15,17,26,26,26,26.00,17,26,shopee_name_exact
ครีมซีส,35,2534742989493760,ท็อปปิ้ง,ครีมซีส,20,25,37,37,37,,25,37,shopee_name_exact
วุ้นกบไต้หวัน,10,2610668571040256,ท็อปปิ้ง,วุ้นกบไต้หวัน,6,7,11,11,11,11.00,7,11,shopee_name_exact
วุ้นว่านหางจระเข้ หั่นลูกเต๋า,25,2610676942985728,ท็อปปิ้ง,วุ้นว่านหางจระเข้ หั่นลูกเต๋า,15,17,26,26,26,26.00,17,26,shopee_name_exact
