รหัสร้านค้า/สาขา,ชื่อร้านค้า,รหัสหมวดหมู่,ชื่อหมวดหมู่,รหัสเมนูอาหาร,ชื่อเมนูอาหาร,ราคา (฿),สถานะการแสดงเมนูที่หน้าร้านค้า,สถานะสต็อกสินค้า,สต็อก,สต็อกคงเหลือ,เติมจำนวนสต็อกอัตโนมัติทุกวัน,เติมสต็อกเป็นจำนวน,รายละเอียดเมนู,เวลาเปิดขายเมนู,วันที่ขาย,ช่วงเวลาที่ขาย,กลุ่มตัวเลือกเสริม,รูปภาพ,
"=""10212109""",TELL TEA (เทลที กรมหลวงประจักษ์),"=""2671467261617152""",เบเกอรี่ & ไอศครีม,"=""2718363917855232""",ปังมันม่วง อบสด โฮมเมด,30,แสดงเมนู,งดจำหน่าย,ไม่จำกัด,,,,ปังมันม่วงอบสดโฮมเมด แป้งนุ่มหนึบผสมแป้งข้าวเหนียว หอมมันเนยแท้ สอดไส้มันม่วงเนื้อแน่น หวานละมุนจากธรรมชาติ อบสดใหม่ทุกวัน อร่อยกำลังดี ทานเล่นก็เพลิน คู่กับเครื่องดื่มก็ลงตัว,ตลอดทั้งวัน,"=""วันจันทร์,วันอังคาร,วันพุธ,วันพฤหัสบดี,วันศุกร์,วันเสาร์,วันอาทิตย์""",00:00-23:59,"=""2719923818179072""",https://mms.img.susercontent.com/th-11134505-81ztm-mdwwpguskykj89,
"=""10212109""",TELL TEA (เทลที กรมหลวงประจักษ์),"=""2671467261617152""",เบเกอรี่ & ไอศครีม,"=""2702834868003840""",ชิโอปัง (Shio Pan) โฮมเมด ใหญ่ขึ้น,26,แสดงเมนู,พร้อมจำหน่าย,ไม่จำกัด,,,,ชิโอปังโฮมเมด ทำเองสดใหม่ทุกวัน เนื้อนุ่มหอมเนย เค็มกำลังดี อร่อยคู่กับเครื่องดื่มหรือทานเล่นก็,ตลอดทั้งวัน,"=""วันจันทร์,วันอังคาร,วันพุธ,วันพฤหัสบดี,วันศุกร์,วันเสาร์,วันอาทิตย์""",00:00-23:59,2719489012835840#2748230794438144,https://mms.img.susercontent.com/th-11134505-7ra0s-mdu17xxfq7e6e9,
"=""10212109""",TELL TEA (เทลที กรมหลวงประจักษ์),"=""2671467261617152""",เบเกอรี่ & ไอศครีม,"=""2967472896374784""",มันไทยอบ ดั้งเดิม,21,แสดงเมนู,งดจำหน่าย,ไม่จำกัด,,,,มันไทยอบ ดั้งเดิม ธรรมชาติ เนื้อนุ่มหนึบ อิ่มท้องนาน,ตลอดทั้งวัน,"=""วันจันทร์,วันอังคาร,วันพุธ,วันพฤหัสบดี,วันศุกร์,วันเสาร์,วันอาทิตย์""",00:00-23:59,"=""2968910413985792""",https://mms.img.susercontent.com/th-11134505-81ztq-mkxhsn8kjif576,
"=""10212109""",TELL TEA (เทลที กรมหลวงประจักษ์),"=""2671467261617152""",เบเกอรี่ & ไอศครีม,"=""3137372581526016""",วาฟเฟิลเบลเยียม โฮมเมด,21,แสดงเมนู,พร้อมจำหน่าย,ไม่จำกัด,,,,หอมเนยนมแท้ อุ่นร้อนก่อนส่ง กรอบนอกนุ่มใน ขนาด 60 กรัม,ตลอดทั้งวัน,"=""วันจันทร์,วันอังคาร,วันพุธ,วันพฤหัสบดี,วันศุกร์,วันเสาร์,วันอาทิตย์""",00:00-23:59,"=""3137374016371200""",https://mms.img.susercontent.com/th-11134505-81zti-mpndswh6oe8e71,
"=""10212109""",TELL TEA (เทลที กรมหลวงประจักษ์),"=""2671467261617152""",เบเกอรี่ & ไอศครีม,"=""2950619592160768""",ซอฟต์คุกกี้ โฮมเมด (เลือกได้),21,แสดงเมนู,พร้อมจำหน่าย,ไม่จำกัด,,,,ซอฟต์คุกกี้เนื้อนุ่มหนึบ เลือกอร่อยได้ทั้งรสออริจินัล มัจฉะ และดาร์กโกโก้เข้มข้น,ตลอดทั้งวัน,"=""วันจันทร์,วันอังคาร,วันพุธ,วันพฤหัสบดี,วันศุกร์,วันเสาร์,วันอาทิตย์""",00:00-23:59,"=""2950624656128000""",https://mms.img.susercontent.com/th-11134505-81ztg-mkf31h93s54yf1,
"=""10212109""",TELL TEA (เทลที กรมหลวงประจักษ์),"=""2671467261617152""",เบเกอรี่ & ไอศครีม,"=""2991758051948544""",เค้กกล้วยหอม โฮมเมด,21,แสดงเมนู,พร้อมจำหน่าย,ไม่จำกัด,,,,เค้กกล้วยหอมโฮมเมด รสชาติเรียบง่าย หอมหวานจากกล้วยงอมแท้ อบสดใหม่ ขนาดพอดีมือ เหมาะทานเล่นหรือจับคู่เครื่องดื่ม,ตลอดทั้งวัน,"=""วันจันทร์,วันอังคาร,วันพุธ,วันพฤหัสบดี,วันศุกร์,วันเสาร์,วันอาทิตย์""",00:00-23:59,"=""2991760258266624""",https://mms.img.susercontent.com/th-11134505-81zto-mlsoehfd7zf35d,
"=""10212109""",TELL TEA (เทลที กรมหลวงประจักษ์),"=""2671467261617152""",เบเกอรี่ & ไอศครีม,"=""2763730334689792""",บราวนี่โฮมเมด,21,แสดงเมนู,พร้อมจำหน่าย,ไม่จำกัด,,,,บราวนี่โฮมเมดอบสดใหม่ ใช้ผงโกโก้หอมเข้ม เนื้อหนึบชุ่มกำลังดี หวานพอดี ทานคู่กับเครื่องดื่มได้ลงตัว,ตลอดทั้งวัน,"=""วันจันทร์,วันอังคาร,วันพุธ,วันพฤหัสบดี,วันศุกร์,วันเสาร์,วันอาทิตย์""",00:00-23:59,"=""2791851551663616""",https://mms.img.susercontent.com/th-11134505-81zti-mf6ne9v88hsddf,
"=""10212109""",TELL TEA (เทลที กรมหลวงประจักษ์),"=""2671467261617152""",เบเกอรี่ & ไอศครีม,"=""2676059704648192""",ปังเนยกรอบอบไอน้ำ,26,แสดงเมนู,พร้อมจำหน่าย,ไม่จำกัด,,,,"ขนมปังทาเนยอบไอน้ำด้วยเตา BALMUDA
หอมกรุ่น ชุ่มเนย กรอบเบา ๆ ที่ขอบ
อบใหม่ทุกครั้ง กินคู่ชาหรือกาแฟก็ลงตัว",ตลอดทั้งวัน,"=""วันจันทร์,วันอังคาร,วันพุธ,วันพฤหัสบดี,วันศุกร์,วันเสาร์,วันอาทิตย์""",00:00-23:59,2675562478297600#2671476543562752,https://mms.img.susercontent.com/th-11134505-7ra0o-mclnfu8refpcae,
"=""10212109""",TELL TEA (เทลที กรมหลวงประจักษ์),"=""2671467261617152""",เบเกอรี่ & ไอศครีม,"=""2738717429164544""",Ice Cream To-Go แก้วใหญ่ 16oz (แถมถุงเย็น),32,แสดงเมนู,พร้อมจำหน่าย,ไม่จำกัด,,,,ไอศกรีมซอฟเสิร์ฟ 200 กรัม เนื้อนุ่มละมุน ละลายในปาก เลือกท็อปปิ้งได้ตามใจ ทั้งไข่มุก วุ้นกบ หรือบุกหนึบ สั่งเดลิเวอรี่วันนี้ แถมถุงเก็บความเย็นฟรี สดใหม่จนถึงมือคุณ,ตลอดทั้งวัน,"=""วันจันทร์,วันอังคาร,วันพุธ,วันพฤหัสบดี,วันศุกร์,วันเสาร์,วันอาทิตย์""",00:00-23:59,2001824253843968#2738720217310720,https://mms.img.susercontent.com/th-11134505-81ztd-mehfigljv30gfe,
"=""10212109""",TELL TEA (เทลที กรมหลวงประจักษ์),"=""2035912587911168""","Signature Drinks (เย็น, ปั่น)","=""2035915327775232""",ชานมไข่มุก (เย็น/ปั่น),34,แสดงเมนู,พร้อมจำหน่าย,ไม่จำกัด,,,,"ชานมคลาสสิกปรุงสดกับไข่มุกนุ่มๆ, จัดส่งสดใหม่!",ตลอดทั้งวัน,"=""วันจันทร์,วันอังคาร,วันพุธ,วันพฤหัสบดี,วันศุกร์,วันเสาร์,วันอาทิตย์""",00:00-23:59,2001824253843968#2025913542009344#2025914426139136#2619418001578496,https://mms.img.susercontent.com/th-11134505-81zti-mlhn4l2m27eta9,
"=""10212109""",TELL TEA (เทลที กรมหลวงประจักษ์),"=""2035912587911168""","Signature Drinks (เย็น, ปั่น)","=""2035926352093184""",ชานมไข่มุกบราวน์ชูการ์ (เย็น/ปั่น),75,แสดงเมนู,พร้อมจำหน่าย,ไม่จำกัด,,,,"ชานมหวานมันกับไข่มุกและบราวน์ชูการ์, ส่งไวไม่ต้องรอ!",ตลอดทั้งวัน,"=""วันจันทร์,วันอังคาร,วันพุธ,วันพฤหัสบดี,วันศุกร์,วันเสาร์,วันอาทิตย์""",00:00-23:59,2001824253843968#2025913542009344#2025914426139136#2619418001578496,https://mms.img.susercontent.com/th-11134505-81ztk-mlhm7gxfrojld4,
"=""10212109""",TELL TEA (เทลที กรมหลวงประจักษ์),"=""2035912587911168""","Signature Drinks (เย็น, ปั่น)","=""2035929394717184""",โกโก้สตรอว์เบอร์รี (เย็น/ปั่น),47,แสดงเมนู,พร้อมจำหน่าย,ไม่จำกัด,,,,"โกโก้เข้มข้นผสมสตรอว์เบอร์รี, หวานอมเปรี้ยว, สั่งจัดส่ง!",ตลอดทั้งวัน,"=""วันจันทร์,วันอังคาร,วันพุธ,วันพฤหัสบดี,วันศุกร์,วันเสาร์,วันอาทิตย์""",00:00-23:59,2001824253843968#2025913542009344#2025914426139136#2619418001578496,https://mms.img.susercontent.com/th-11134505-81ztn-mliv21h2h9fo3f,
"=""10212109""",TELL TEA (เทลที กรมหลวงประจักษ์),"=""2035912587911168""","Signature Drinks (เย็น, ปั่น)","=""2035955801760256""",ชาไทยชีส (เย็น/ปั่น),64,แสดงเมนู,พร้อมจำหน่าย,ไม่จำกัด,,,,"ชาไทยผสมชีสครีม, หวานหอมเข้มข้น, สั่งได้ง่ายผ่านแอพ!",ตลอดทั้งวัน,"=""วันจันทร์,วันอังคาร,วันพุธ,วันพฤหัสบดี,วันศุกร์,วันเสาร์,วันอาทิตย์""",00:00-23:59,2001824253843968#2025913542009344#2025914426139136#2619418001578496,https://mms.img.susercontent.com/th-11134505-81ztp-mlhmzrwakr2bd5,
"=""10212109""",TELL TEA (เทลที กรมหลวงประจักษ์),"=""2035912587911168""","Signature Drinks (เย็น, ปั่น)","=""2035956504945152""",โกโก้มิ้นต์ (เย็น/ปั่น),57,แสดงเมนู,พร้อมจำหน่าย,ไม่จำกัด,,,,"โกโก้หอมมิ้นต์เย็นสดชื่น, ลิ้มลองได้ทุกที่!",ตลอดทั้งวัน,"=""วันจันทร์,วันอังคาร,วันพุธ,วันพฤหัสบดี,วันศุกร์,วันเสาร์,วันอาทิตย์""",00:00-23:59,2001824253843968#2025913542009344#2025914426139136#2619418001578496,https://mms.img.susercontent.com/th-11134505-81ztf-mlhng7fjgv0k72,
"=""10212109""",TELL TEA (เทลที กรมหลวงประจักษ์),"=""2035912587911168""","Signature Drinks (เย็น, ปั่น)","=""2035957223202816""",กาแฟโบราณ บราวน์ชูการ์ (เย็น/ปั่น),55,แสดงเมนู,พร้อมจำหน่าย,ไม่จำกัด,,,,"กาแฟโบราณหวานกลมกล่อม, หอมบราวน์ชูการ์, ส่งถึงมือ!",ตลอดทั้งวัน,"=""วันจันทร์,วันอังคาร,วันพุธ,วันพฤหัสบดี,วันศุกร์,วันเสาร์,วันอาทิตย์""",00:00-23:59,2001824253843968#2025913542009344#2025914426139136#2619418001578496,https://mms.img.susercontent.com/th-11134505-81ztm-mliv2lesq51d80,
"=""10212109""",TELL TEA (เทลที กรมหลวงประจักษ์),"=""2035912587911168""","Signature Drinks (เย็น, ปั่น)","=""2035963095818240""",ชาเขียวนม (เย็น/ปั่น),42,แสดงเมนู,พร้อมจำหน่าย,ไม่จำกัด,,,,"ชาเขียวนมสด, รสชาติเข้มข้นหอมละมุน, จัดส่งได้ทุกที่!",ตลอดทั้งวัน,"=""วันจันทร์,วันอังคาร,วันพุธ,วันพฤหัสบดี,วันศุกร์,วันเสาร์,วันอาทิตย์""",00:00-23:59,2001824253843968#2025913542009344#2025914426139136#2619418001578496,https://mms.img.susercontent.com/th-11134505-81ztq-mlhn95u4vw1w85,
"=""10212109""",TELL TEA (เทลที กรมหลวงประจักษ์),"=""2035912587911168""","Signature Drinks (เย็น, ปั่น)","=""2035950934172160""",โกโก้ (เย็น/ปั่น),42,แสดงเมนู,พร้อมจำหน่าย,ไม่จำกัด,,,,"โกโก้เข้มข้น, ปลุกความสดชื่น, สั่งเลย!",ตลอดทั้งวัน,"=""วันจันทร์,วันอังคาร,วันพุธ,วันพฤหัสบดี,วันศุกร์,วันเสาร์,วันอาทิตย์""",00:00-23:59,2001824253843968#2025913542009344#2025914426139136#2619418001578496,https://mms.img.susercontent.com/th-11134505-81ztk-mlhnjqqit05df2,
"=""10212109""",TELL TEA (เทลที กรมหลวงประจักษ์),"=""2035912587911168""","Signature Drinks (เย็น, ปั่น)","=""2970522469726208""",โกโก้ลาวาช็อกขูด (เย็น/ปั่น),64,แสดงเมนู,พร้อมจำหน่าย,ไม่จำกัด,,,,โกโก้เข้มข้น ท็อปด้วยช็อกโกแลตแท้ขูดสดพูนแก้ว ให้สัมผัส Double Texture ทั้งความนุ่มละมุนและเคี้ยวกรุบกรอบ ช๊อคโกแลตลาวา,ตลอดทั้งวัน,"=""วันจันทร์,วันอังคาร,วันพุธ,วันพฤหัสบดี,วันศุกร์,วันเสาร์,วันอาทิตย์""",00:00-23:59,2619418001578496#2001824253843968#2025913542009344#2025914426139136,https://mms.img.susercontent.com/th-11134505-81zto-mkz5hz0u6n0k90,
"=""10212109""",TELL TEA (เทลที กรมหลวงประจักษ์),"=""2035912587911168""","Signature Drinks (เย็น, ปั่น)","=""2035962409689088""",ชานมชีส (เย็น/ปั่น),55,แสดงเมนู,พร้อมจำหน่าย,ไม่จำกัด,,,,"ชานมผสมชีสครีม, ความลงตัวของความหอมหวาน, สั่งพร้อมส่ง!",ตลอดทั้งวัน,"=""วันจันทร์,วันอังคาร,วันพุธ,วันพฤหัสบดี,วันศุกร์,วันเสาร์,วันอาทิตย์""",00:00-23:59,2001824253843968#2025913542009344#2025914426139136#2619418001578496,https://mms.img.susercontent.com/th-11134505-81ztg-mliv2ysst98vae,
"=""10212109""",TELL TEA (เทลที กรมหลวงประจักษ์),"=""2943523158783488""","ชานมสดคราฟต์ (เย็น, ปั่น)","=""2944861680138240""",ชาจัสมินฝูเจี้ยน (เย็น/ปั่น) 16 oz,42,แสดงเมนู,พร้อมจำหน่าย,ไม่จำกัด,,,,ชามะลิฝูเจี้ยนน็อคสดวันต่อวัน ดึงกลิ่นหอมพุ่งด้วยเทคนิคพิเศษ ผสมนมสดแท้ 100% รสสัมผัสนุ่มนวล ละมุนทุกคำ,ตลอดทั้งวัน,"=""วันจันทร์,วันอังคาร,วันพุธ,วันพฤหัสบดี,วันศุกร์,วันเสาร์,วันอาทิตย์""",00:00-23:59,2619418001578496#2001824253843968#2025913542009344#2025914426139136,https://mms.img.susercontent.com/th-11134505-81ztm-mkambcj34u1267,
"=""10212109""",TELL TEA (เทลที กรมหลวงประจักษ์),"=""2016371521969152""",ชา,"=""2748382045219328""",ชาอู่หลงเย็น,26,แสดงเมนู,งดจำหน่าย,ไม่จำกัด,,,,ชาอู่หลงหอมเข้ม คัดใบชาคุณภาพ ดื่มเย็นสดชื่น คลายร้อนในทุกช่วงเวลา,ตลอดทั้งวัน,"=""วันจันทร์,วันอังคาร,วันพุธ,วันพฤหัสบดี,วันศุกร์,วันเสาร์,วันอาทิตย์""",00:00-23:59,2001824253843968#2025913542009344#2025914426139136,https://mms.img.susercontent.com/th-11134505-81ztn-mer6bjuktwxuc6,
"=""10212109""",TELL TEA (เทลที กรมหลวงประจักษ์),"=""2016371521969152""",ชา,"=""2748383136392704""",ชาอู่หลงน้ำผึ้ง,34,แสดงเมนู,งดจำหน่าย,ไม่จำกัด,,,,ความหอมหวานจากน้ำผึ้งแท้ ผสมกับชาอู่หลงชั้นดี รสกลมกล่อม สดชื่นอย่างลงตัว,ตลอดทั้งวัน,"=""วันจันทร์,วันอังคาร,วันพุธ,วันพฤหัสบดี,วันศุกร์,วันเสาร์,วันอาทิตย์""",00:00-23:59,2001824253843968#2025913542009344#2025914426139136,https://mms.img.susercontent.com/th-11134505-81ztm-mer6azynwef97c,
"=""10212109""",TELL TEA (เทลที กรมหลวงประจักษ์),"=""2016371521969152""",ชา,"=""2748385436329472""",ชาอู่หลงน้ำผึ้งมะนาว,34,แสดงเมนู,งดจำหน่าย,ไม่จำกัด,,,,ผสานความหอมหวานของน้ำผึ้งและความเปรี้ยวสดชื่นจากมะนาว เข้ากับชาอู่หลงคุณภาพ สดชื่นในแก้วเดียว,ตลอดทั้งวัน,"=""วันจันทร์,วันอังคาร,วันพุธ,วันพฤหัสบดี,วันศุกร์,วันเสาร์,วันอาทิตย์""",00:00-23:59,2001824253843968#2025913542009344#2025914426139136,https://mms.img.susercontent.com/th-11134505-81ztp-mer6eys3x4hv96,
"=""10212109""",TELL TEA (เทลที กรมหลวงประจักษ์),"=""2016371521969152""",ชา,"=""2035973480783872""",ชาดำเย็น,26,แสดงเมนู,พร้อมจำหน่าย,ไม่จำกัด,,,,"ชาดำเย็นสดชื่น, เข้มข้นทุกคำ, จัดส่งไวไม่ต้องรอ!",ตลอดทั้งวัน,"=""วันจันทร์,วันอังคาร,วันพุธ,วันพฤหัสบดี,วันศุกร์,วันเสาร์,วันอาทิตย์""",00:00-23:59,2001824253843968#2025913542009344#2025914426139136,https://mms.img.susercontent.com/th-11134505-81ztq-mlhyzj6u65mw8a,
"=""10212109""",TELL TEA (เทลที กรมหลวงประจักษ์),"=""2016371521969152""",ชา,"=""2035974334947328""",ชาเขียวมะลิ,26,แสดงเมนู,พร้อมจำหน่าย,ไม่จำกัด,,,,"ชาเขียวมะลิ, หอมอ่อนโยน, เติมความสุขให้วันของคุณ!",ตลอดทั้งวัน,"=""วันจันทร์,วันอังคาร,วันพุธ,วันพฤหัสบดี,วันศุกร์,วันเสาร์,วันอาทิตย์""",00:00-23:59,2001824253843968#2025913542009344#2025914426139136,https://mms.img.susercontent.com/th-11134505-81ztj-mljc48nj2juo56,
"=""10212109""",TELL TEA (เทลที กรมหลวงประจักษ์),"=""2016371521969152""",ชา,"=""2035976159748608""",ชาสตรอว์เบอร์รี,26,แสดงเมนู,พร้อมจำหน่าย,ไม่จำกัด,,,,"ชาสตรอว์เบอร์รีสดใส, รสชาติซ่าหวาน, สั่งเลย, ส่งถึงบ้าน!",ตลอดทั้งวัน,"=""วันจันทร์,วันอังคาร,วันพุธ,วันพฤหัสบดี,วันศุกร์,วันเสาร์,วันอาทิตย์""",00:00-23:59,2001824253843968#2025913542009344#2025914426139136,https://mms.img.susercontent.com/th-11134505-81ztm-mlj06fu4p1j5a6,
"=""10212109""",TELL TEA (เทลที กรมหลวงประจักษ์),"=""2016371521969152""",ชา,"=""2036011307360256""",ชาลิ้นจี่,26,แสดงเมนู,พร้อมจำหน่าย,ไม่จำกัด,,,,"ชาลิ้นจี่หวานหอม, เพลิดเพลินกับทุกช่วงเวลา, สั่งง่ายผ่านแอพ!",ตลอดทั้งวัน,"=""วันจันทร์,วันอังคาร,วันพุธ,วันพฤหัสบดี,วันศุกร์,วันเสาร์,วันอาทิตย์""",00:00-23:59,2001824253843968#2025913542009344#2025914426139136,https://mms.img.susercontent.com/th-11134505-81ztn-mljb5jrhan0j4e,
"=""10212109""",TELL TEA (เทลที กรมหลวงประจักษ์),"=""2016371521969152""",ชา,"=""2036011953496576""",ชามะนาว,34,แสดงเมนู,พร้อมจำหน่าย,ไม่จำกัด,,,,"ชามะนาวสดชื่น, รสชาติคมชัด, จัดส่งไวเพื่อความเย็นฉ่ำ!",ตลอดทั้งวัน,"=""วันจันทร์,วันอังคาร,วันพุธ,วันพฤหัสบดี,วันศุกร์,วันเสาร์,วันอาทิตย์""",00:00-23:59,2001824253843968#2025913542009344#2025914426139136#2688610151785472,https://mms.img.susercontent.com/th-11134505-81ztk-mljbz8b7iolr1c,
"=""10212109""",TELL TEA (เทลที กรมหลวงประจักษ์),"=""2016371521969152""",ชา,"=""2036013205692416""",ชาแอปเปิ้ล,26,แสดงเมนู,พร้อมจำหน่าย,ไม่จำกัด,,,,"ชาแอปเปิ้ลหวานหอม, เติมความสุขให้วันของคุณ, สั่งเลย!",ตลอดทั้งวัน,"=""วันจันทร์,วันอังคาร,วันพุธ,วันพฤหัสบดี,วันศุกร์,วันเสาร์,วันอาทิตย์""",00:00-23:59,2001824253843968#2025913542009344#2025914426139136,https://mms.img.susercontent.com/th-11134505-81ztg-mljayrvxo7bcd0,
"=""10212109""",TELL TEA (เทลที กรมหลวงประจักษ์),"=""2016371521969152""",ชา,"=""2036013836541952""",ชาเสาวรส,26,แสดงเมนู,พร้อมจำหน่าย,ไม่จำกัด,,,,"ชาเสาวรสตรงจากผลไม้สด, หอมหวานละมุน, พร้อมส่ง!",ตลอดทั้งวัน,"=""วันจันทร์,วันอังคาร,วันพุธ,วันพฤหัสบดี,วันศุกร์,วันเสาร์,วันอาทิตย์""",00:00-23:59,2001824253843968#2025913542009344#2025914426139136,https://mms.img.susercontent.com/th-11134505-81zti-mljca4bw2x37ed,
"=""10212109""",TELL TEA (เทลที กรมหลวงประจักษ์),"=""2016371521969152""",ชา,"=""2036014408409600""",ชาบลูเบอร์รี่,26,แสดงเมนู,พร้อมจำหน่าย,ไม่จำกัด,,,,"ชาบลูเบอร์รี่ซ่า, รสชาติเข้มข้น, สดชื่นทุกคำ, ส่งเร็ว!",ตลอดทั้งวัน,"=""วันจันทร์,วันอังคาร,วันพุธ,วันพฤหัสบดี,วันศุกร์,วันเสาร์,วันอาทิตย์""",00:00-23:59,2001824253843968#2025913542009344#2025914426139136,https://mms.img.susercontent.com/th-11134505-81ztd-mlj0co6uozk2d1,
"=""10212109""",TELL TEA (เทลที กรมหลวงประจักษ์),"=""2534313640368128""",มัทฉะแท้,"=""2534314857043968""",มัทฉะลาเต้ (Matcha Latte),65,แสดงเมนู,พร้อมจำหน่าย,ไม่จำกัด,,,,มัทฉะแท้เข้มข้น 100% จากใบชาเขียวคุณภาพ ตีสดใหม่ทุกแก้ว ราดบนนมสดเย็นจัด ให้เลเยอร์สีสวย ดื่มแล้วสดชื่น หอมละมุน ไม่หวานเลี่ยน เหมาะทั้งสายชาเขียวแท้และคนรักสุขภาพ,ตลอดทั้งวัน,"=""วันจันทร์,วันอังคาร,วันพุธ,วันพฤหัสบดี,วันศุกร์,วันเสาร์,วันอาทิตย์""",00:00-23:59,2619418001578496#2625496126904832#2001824253843968#2025913542009344#2025914426139136,https://mms.img.susercontent.com/th-11134505-7rasm-m9pcvoxq4lbl49,
"=""10212109""",TELL TEA (เทลที กรมหลวงประจักษ์),"=""2534313640368128""",มัทฉะแท้,"=""2534590891660800""",มัทฉะครีมชีส (Matcha Cheese Tea),68,แสดงเมนู,พร้อมจำหน่าย,ไม่จำกัด,,,,ชาเขียวมัทฉะแท้ ตีสดใหม่ ราดลงบนเครื่องดื่มเย็นผสมนมสูตรพิเศษ ท็อปด้วยโฟมชีสหอมมันนุ่มฟู รสชาติเข้มข้นแต่กลมกล่อม หวานน้อย เค็มนิด ดื่มเพลินไม่มีเบื่อ,ตลอดทั้งวัน,"=""วันจันทร์,วันอังคาร,วันพุธ,วันพฤหัสบดี,วันศุกร์,วันเสาร์,วันอาทิตย์""",00:00-23:59,2001824253843968#2025913542009344#2025914426139136#2625496126904832,https://mms.img.susercontent.com/th-11134505-7rash-m9pcw5odmo9b75,
"=""10212109""",TELL TEA (เทลที กรมหลวงประจักษ์),"=""2534313640368128""",มัทฉะแท้,"=""2534623812442112""",เพียวมัทฉะ (Pure Matcha),42,แสดงเมนู,พร้อมจำหน่าย,ไม่จำกัด,,,,มัทฉะแท้ 100% ชงเข้มข้นแบบไม่เติมนม ไม่แต่งกลิ่น ไม่ใส่ครีม หอม ละมุน ดื่มแล้วสดชื่นเต็มรสชา เหมาะสำหรับสายมัทฉะล้วน หรือคนที่ต้องการลดหวาน-ลดมันโดยไม่ลดคุณภาพ,ตลอดทั้งวัน,"=""วันจันทร์,วันอังคาร,วันพุธ,วันพฤหัสบดี,วันศุกร์,วันเสาร์,วันอาทิตย์""",00:00-23:59,2001824253843968#2025913542009344#2025914426139136#2625496126904832,https://mms.img.susercontent.com/th-11134505-7rasb-m9pdgkioa25ca5,
"=""10212109""",TELL TEA (เทลที กรมหลวงประจักษ์),"=""2534313640368128""",มัทฉะแท้,"=""2534835210999808""",มัทฉะบราวน์ชูการ์ไข่มุก (Matcha Brown Sugar Boba),64,แสดงเมนู,พร้อมจำหน่าย,ไม่จำกัด,,,,"มัทฉะบราวน์ชูการ์ไข่มุก
ความลงตัวของชาเขียวมัทฉะเข้มข้นกับความหอมหวานของซอสบราวน์ชูการ์ เสิร์ฟพร้อมไข่มุกหนึบหนับ เคี้ยวเพลิน นมสดหอมมันตัดรสได้พอดี เพิ่มความสดชื่นในทุกแก้ว",ตลอดทั้งวัน,"=""วันจันทร์,วันอังคาร,วันพุธ,วันพฤหัสบดี,วันศุกร์,วันเสาร์,วันอาทิตย์""",00:00-23:59,2619418001578496#2625496126904832#2001824253843968#2025913542009344#2025914426139136,https://mms.img.susercontent.com/th-11134505-7rasm-m9pd00gyitsw71,
"=""10212109""",TELL TEA (เทลที กรมหลวงประจักษ์),"=""2534313640368128""",มัทฉะแท้,"=""2568233223560192""",มัทฉะมะพร้าว,75,แสดงเมนู,พร้อมจำหน่าย,ไม่จำกัด,,,,ชาเขียวมัทฉะเข้มข้น ผสมกับน้ำมะพร้าวหอมสดชื่นแบบไม่ใส่นม รสชาติกลมกล่อม สดชื่นจากธรรมชาติ ดื่มแล้วรู้สึกเบา สบาย เหมาะกับสายสุขภาพหรือคนที่ไม่อยากดื่มนม,ตลอดทั้งวัน,"=""วันจันทร์,วันอังคาร,วันพุธ,วันพฤหัสบดี,วันศุกร์,วันเสาร์,วันอาทิตย์""",00:00-23:59,2001824253843968#2025913542009344#2025914426139136#2625496126904832,https://mms.img.susercontent.com/th-11134505-7rasa-m9pjawt55bld9b,
"=""10212109""",TELL TEA (เทลที กรมหลวงประจักษ์),"=""2534313640368128""",มัทฉะแท้,"=""2568243239148032""",มัทฉะมะพร้าวนม,64,แสดงเมนู,พร้อมจำหน่าย,ไม่จำกัด,,,,ชาเขียวมัทฉะเข้มข้นผสมนมสด หอมกลิ่นใบชาแท้ ตัดกับน้ำมะพร้าวใสให้ความสดชื่น ดื่มแล้วเบาสบาย ไม่เลี่ยน เหมาะกับคนรักมัทฉะที่อยากได้ความหอมมันแบบกลมกล่อม ไม่หนักนมจนเกินไป,ตลอดทั้งวัน,"=""วันจันทร์,วันอังคาร,วันพุธ,วันพฤหัสบดี,วันศุกร์,วันเสาร์,วันอาทิตย์""",00:00-23:59,2619418001578496#2625496126904832#2001824253843968#2025913542009344#2025914426139136,https://mms.img.susercontent.com/th-11134505-7rasi-m9pjnvfyaar542,
"=""10212109""",TELL TEA (เทลที กรมหลวงประจักษ์),"=""2534313640368128""",มัทฉะแท้,"=""2685485808034304""",มัทฉะเลม่อนเย็น (Matcha Lemon),51,แสดงเมนู,พร้อมจำหน่าย,ไม่จำกัด,,,,ชาเขียวมัทฉะเข้มข้น ผสมน้ำเลม่อนแท้ รสเปรี้ยวสดชื่น ตัดกับกลิ่นชาเขียวหอมลึก เย็นชื่นใจ ใส่น้ำแข็งแบบจัดเต็ม ดื่มแล้วตื่น สดใส เหมาะกับทุกเวลาในวันร้อนๆ ไม่มีนม ไม่มีครีม สายเฮลธ์ตี้ก็สบายใจได้.,ตลอดทั้งวัน,"=""วันจันทร์,วันอังคาร,วันพุธ,วันพฤหัสบดี,วันศุกร์,วันเสาร์,วันอาทิตย์""",00:00-23:59,2625496126904832#2001824253843968#2025913542009344#2025914426139136#2688610151785472,https://mms.img.susercontent.com/th-11134505-7ra0s-mczrb0t9gxge03,
"=""10212109""",TELL TEA (เทลที กรมหลวงประจักษ์),"=""2001822430206464""","ชานม (เย็น, ปั่น)","=""2035963759337472""",ชานมใต้หวัน (เย็น/ปั่น),26,แสดงเมนู,พร้อมจำหน่าย,ไม่จำกัด,,,,"ชานมไต้หวันคลาสสิก, หวานละมุน, พร้อมส่งสดใหม่!",ตลอดทั้งวัน,"=""วันจันทร์,วันอังคาร,วันพุธ,วันพฤหัสบดี,วันศุกร์,วันเสาร์,วันอาทิตย์""",00:00-23:59,2001824253843968#2025913542009344#2025914426139136#2619418001578496,https://mms.img.susercontent.com/th-11134505-81ztf-mljdjm0grtvpfe,
"=""10212109""",TELL TEA (เทลที กรมหลวงประจักษ์),"=""2001822430206464""","ชานม (เย็น, ปั่น)","=""2035964543181312""",ชาไทย (เย็น/ปั่น),42,แสดงเมนู,พร้อมจำหน่าย,ไม่จำกัด,,,,"ชาไทยอร่อยเข้มข้น, ปรุงสดทุกแก้ว, สั่งเลยผ่านแอพ!",ตลอดทั้งวัน,"=""วันจันทร์,วันอังคาร,วันพุธ,วันพฤหัสบดี,วันศุกร์,วันเสาร์,วันอาทิตย์""",00:00-23:59,2001824253843968#2025913542009344#2025914426139136#2619418001578496,https://mms.img.susercontent.com/th-11134505-81ztj-mljd7cpjx3pc66,
"=""10212109""",TELL TEA (เทลที กรมหลวงประจักษ์),"=""2001822430206464""","ชานม (เย็น, ปั่น)","=""2035965318586880""",ชานมเฮเซลนัท (เย็น/ปั่น),42,แสดงเมนู,พร้อมจำหน่าย,ไม่จำกัด,,,,"ชานมเฮเซลนัทหวานหอม, รสชาติสุดพิเศษ, ส่งตรงถึงมือคุณ!",ตลอดทั้งวัน,"=""วันจันทร์,วันอังคาร,วันพุธ,วันพฤหัสบดี,วันศุกร์,วันเสาร์,วันอาทิตย์""",00:00-23:59,2001824253843968#2025913542009344#2025914426139136#2619418001578496,https://mms.img.susercontent.com/th-11134505-81ztk-mljfseyuhiwx7b,
"=""10212109""",TELL TEA (เทลที กรมหลวงประจักษ์),"=""2001822430206464""","ชานม (เย็น, ปั่น)","=""2035966040252416""",ชานมกาแฟ (เย็น/ปั่น),34,แสดงเมนู,พร้อมจำหน่าย,ไม่จำกัด,,,,"ชานมกับกาแฟ, คู่หูสำหรับเริ่มต้นวันใหม่, สั่งเลย!",ตลอดทั้งวัน,"=""วันจันทร์,วันอังคาร,วันพุธ,วันพฤหัสบดี,วันศุกร์,วันเสาร์,วันอาทิตย์""",00:00-23:59,2001824253843968#2025913542009344#2025914426139136#2619418001578496,https://mms.img.susercontent.com/th-11134505-81ztc-mljfl8ifehog3b,
"=""10212109""",TELL TEA (เทลที กรมหลวงประจักษ์),"=""2001822430206464""","ชานม (เย็น, ปั่น)","=""2035966767997440""",ชานมคาราเมล (เย็น/ปั่น),42,แสดงเมนู,พร้อมจำหน่าย,ไม่จำกัด,,,,"ชานมคาราเมลหวานมัน, เติมเต็มความหวานให้วันสดใส, สั่งเลย!",ตลอดทั้งวัน,"=""วันจันทร์,วันอังคาร,วันพุธ,วันพฤหัสบดี,วันศุกร์,วันเสาร์,วันอาทิตย์""",00:00-23:59,2001824253843968#2025913542009344#2025914426139136#2619418001578496,https://mms.img.susercontent.com/th-11134505-81ztd-mljefhlkzdoh07,
"=""10212109""",TELL TEA (เทลที กรมหลวงประจักษ์),"=""2001822430206464""","ชานม (เย็น, ปั่น)","=""2035970393153536""",ชานมมิ้นต์ (เย็น/ปั่น),42,แสดงเมนู,พร้อมจำหน่าย,ไม่จำกัด,,,,"ชานมมิ้นต์สดชื่น, เครื่องดื่มฉ่ำใจ, จัดส่งทันใจ!",ตลอดทั้งวัน,"=""วันจันทร์,วันอังคาร,วันพุธ,วันพฤหัสบดี,วันศุกร์,วันเสาร์,วันอาทิตย์""",00:00-23:59,2001824253843968#2025913542009344#2025914426139136#2619418001578496,https://mms.img.susercontent.com/th-11134505-81ztf-mljerkc9gd8h8f,
"=""10212109""",TELL TEA (เทลที กรมหลวงประจักษ์),"=""2001822430206464""","ชานม (เย็น, ปั่น)","=""2035971219087360""",ชานมเผือก (เย็น/ปั่น),50,แสดงเมนู,พร้อมจำหน่าย,ไม่จำกัด,,,,"ชานมเผือกนุ่มนวล, อร่อยละมุนทุกโอกาส, ส่งไวสุดๆ!",ตลอดทั้งวัน,"=""วันจันทร์,วันอังคาร,วันพุธ,วันพฤหัสบดี,วันศุกร์,วันเสาร์,วันอาทิตย์""",00:00-23:59,2001824253843968#2025913542009344#2025914426139136#2619418001578496,https://mms.img.susercontent.com/th-11134505-81zte-mljdrq8n5o1w90,
"=""10212109""",TELL TEA (เทลที กรมหลวงประจักษ์),"=""2001822430206464""","ชานม (เย็น, ปั่น)","=""2653285325527552""",ชาไทยมันม่วง,55,แสดงเมนู,พร้อมจำหน่าย,ไม่จำกัด,,,,ชาไทยสูตรเข้มข้นหอมหวาน ผสานความนุ่มละมุนของมันม่วงแท้ ได้รสชาติเข้มแต่ละมุนในแก้วเดียว สีสวยไม่เหมือนใคร สดชื่น ดื่มง่าย ไม่เลี่ยน พร้อมเสิร์ฟทุกออเดอร์ ส่งตรงถึงมือคุณ.,ตลอดทั้งวัน,"=""วันจันทร์,วันอังคาร,วันพุธ,วันพฤหัสบดี,วันศุกร์,วันเสาร์,วันอาทิตย์""",00:00-23:59,2001824253843968#2025914426139136#2025913542009344,https://mms.img.susercontent.com/th-11134505-81ztl-mljg0eg4lkp4ff,
"=""10212109""",TELL TEA (เทลที กรมหลวงประจักษ์),"=""2001822430206464""","ชานม (เย็น, ปั่น)","=""2653291415755776""",ชานมมันม่วง,55,แสดงเมนู,พร้อมจำหน่าย,ไม่จำกัด,,,,ชานมรสนุ่ม กลมกล่อม สอดแทรกความหอมหวานของมันม่วงแท้ เพิ่มมิติใหม่ให้การดื่มชา อร่อย ละมุน สดชื่น สีสวยไม่ซ้ำใคร ดื่มเพลินทุกเวลา ส่งตรงถึงมือคุณ.,ตลอดทั้งวัน,"=""วันจันทร์,วันอังคาร,วันพุธ,วันพฤหัสบดี,วันศุกร์,วันเสาร์,วันอาทิตย์""",00:00-23:59,2001824253843968#2025913542009344#2025914426139136,https://mms.img.susercontent.com/th-11134505-81ztq-mljcnuoptxjjb0,
"=""10212109""",TELL TEA (เทลที กรมหลวงประจักษ์),"=""2015005470956544""",ชาผลไม้,"=""2036029215105024""",ชาส้มยูสุ,55,แสดงเมนู,พร้อมจำหน่าย,ไม่จำกัด,,,,"ชาส้มยูสุญี่ปุ่น, รสชาติอ่อนหวาน, สดชื่นทุกคำ!",ตลอดทั้งวัน,"=""วันจันทร์,วันอังคาร,วันพุธ,วันพฤหัสบดี,วันศุกร์,วันเสาร์,วันอาทิตย์""",00:00-23:59,2001824253843968#2025913542009344#2025914426139136,https://mms.img.susercontent.com/th-11134505-7rasa-m0tjr74z4jwaa6,
"=""10212109""",TELL TEA (เทลที กรมหลวงประจักษ์),"=""2015005470956544""",ชาผลไม้,"=""2036029991477760""",ชาพีช,55,แสดงเมนู,พร้อมจำหน่าย,ไม่จำกัด,,,,"ชาพีชหวานหอม, รสชาติละมุน, ส่งตรงถึงมือคุณ!",ตลอดทั้งวัน,"=""วันจันทร์,วันอังคาร,วันพุธ,วันพฤหัสบดี,วันศุกร์,วันเสาร์,วันอาทิตย์""",00:00-23:59,2001824253843968#2025913542009344#2025914426139136,https://mms.img.susercontent.com/th-11134505-7rasb-m0tjrip67hzs9e,
"=""10212109""",TELL TEA (เทลที กรมหลวงประจักษ์),"=""2015005470956544""",ชาผลไม้,"=""2036030560920064""",ชาผลไม้รวม,55,แสดงเมนู,พร้อมจำหน่าย,ไม่จำกัด,,,,"ชาผสมผลไม้หลากหลาย, สดชื่นหลากสี, จัดส่งไว!",ตลอดทั้งวัน,"=""วันจันทร์,วันอังคาร,วันพุธ,วันพฤหัสบดี,วันศุกร์,วันเสาร์,วันอาทิตย์""",00:00-23:59,2001824253843968#2025913542009344#2025914426139136,https://mms.img.susercontent.com/th-11134505-7ras8-m0tjrw1gongaae,
"=""10212109""",TELL TEA (เทลที กรมหลวงประจักษ์),"=""2015005470956544""",ชาผลไม้,"=""2036031220129792""",ชามิกซ์เบอร์รี่,55,แสดงเมนู,พร้อมจำหน่าย,ไม่จำกัด,,,,"ชาเบอร์รี่มิกซ์, รสชาติหวานฉ่ำ, สดชื่นและหอมหวาน!",ตลอดทั้งวัน,"=""วันจันทร์,วันอังคาร,วันพุธ,วันพฤหัสบดี,วันศุกร์,วันเสาร์,วันอาทิตย์""",00:00-23:59,2001824253843968#2025913542009344#2025914426139136,https://mms.img.susercontent.com/th-11134505-7rasf-m0tjs8n48s6yde,
"=""10212109""",TELL TEA (เทลที กรมหลวงประจักษ์),"=""2015005470956544""",ชาผลไม้,"=""2036031881322496""",ชาพีชส้มยูสุ,64,แสดงเมนู,พร้อมจำหน่าย,ไม่จำกัด,,,,"ชาพีชและส้มยูสุ, สองรสชาติในแก้วเดียว, ส่งไวถึงที่!",ตลอดทั้งวัน,"=""วันจันทร์,วันอังคาร,วันพุธ,วันพฤหัสบดี,วันศุกร์,วันเสาร์,วันอาทิตย์""",00:00-23:59,2001824253843968#2025913542009344#2025914426139136,https://mms.img.susercontent.com/th-11134505-7rase-m0tjsl5pxdqwcf,
"=""10212109""",TELL TEA (เทลที กรมหลวงประจักษ์),"=""2620448031595520""",ผลไม้ปั่น & สมูทตี้,"=""2634634361788928""",สตรอเบอร์รี่ปั่น แก้วใหญ่ 22 ออนซ์,50,แสดงเมนู,พร้อมจำหน่าย,ไม่จำกัด,,,,สตรอเบอร์รี่ปั่นเนื้อเนียน รสหวานอมเปรี้ยว สดชื่น ดื่มง่าย อร่อยเต็มรสผลไม้,ตลอดทั้งวัน,"=""วันจันทร์,วันอังคาร,วันพุธ,วันพฤหัสบดี,วันศุกร์,วันเสาร์,วันอาทิตย์""",00:00-23:59,2001824253843968#2025913542009344,https://mms.img.susercontent.com/th-11134505-81zto-mlhkbb40miof16,
"=""10212109""",TELL TEA (เทลที กรมหลวงประจักษ์),"=""2620448031595520""",ผลไม้ปั่น & สมูทตี้,"=""2634654449867776""",(สมูทตี้) สตรอเบอร์รี่ แก้วใหญ่ 22 ออนซ์,55,แสดงเมนู,พร้อมจำหน่าย,ไม่จำกัด,,,,สตรอเบอร์รี่ปั่นเนื้อเนียน รสหวานอมเปรี้ยว สดชื่น ดื่มง่าย อร่อยเต็มรสผลไม้,ตลอดทั้งวัน,"=""วันจันทร์,วันอังคาร,วันพุธ,วันพฤหัสบดี,วันศุกร์,วันเสาร์,วันอาทิตย์""",00:00-23:59,2001824253843968#2025913542009344,https://mms.img.susercontent.com/th-11134505-81ztj-mlhkbo0kv56qa6,
"=""10212109""",TELL TEA (เทลที กรมหลวงประจักษ์),"=""2620448031595520""",ผลไม้ปั่น & สมูทตี้,"=""2639167031270400""",มิกซ์เบอร์รี่ปั่น แก้วใหญ่ 22 ออนซ์,75,แสดงเมนู,พร้อมจำหน่าย,ไม่จำกัด,,,,มิกซ์เบอร์รี่ปั่นเนื้อเนียน รสเปรี้ยวหวาน สดชื่น อัดแน่นเบอร์รี่หลากชนิด ดื่มง่าย ฟินเต็มแก้ว สดชื่นทุกอึก,ตลอดทั้งวัน,"=""วันจันทร์,วันอังคาร,วันพุธ,วันพฤหัสบดี,วันศุกร์,วันเสาร์,วันอาทิตย์""",00:00-23:59,2001824253843968#2025913542009344,https://mms.img.susercontent.com/th-11134505-81zto-mlhknvndog04d4,
"=""10212109""",TELL TEA (เทลที กรมหลวงประจักษ์),"=""2620448031595520""",ผลไม้ปั่น & สมูทตี้,"=""2639168936892928""",(สมูทตี้) มิกซ์เบอร์รี่ แก้วใหญ่ 22 ออนซ์,72,แสดงเมนู,พร้อมจำหน่าย,ไม่จำกัด,,,,สมูทตี้มิกซ์เบอร์รี่เนื้อเนียน ข้น ผสมโยเกิร์ตสดหลายชั้น รสเปรี้ยวหวาน หอมละมุน สดชื่น ดื่มแล้วฟิน อิ่มอร่อยจนหยุดไม่อยู่!,ตลอดทั้งวัน,"=""วันจันทร์,วันอังคาร,วันพุธ,วันพฤหัสบดี,วันศุกร์,วันเสาร์,วันอาทิตย์""",00:00-23:59,2001824253843968#2025913542009344,https://mms.img.susercontent.com/th-11134505-81ztn-mlhktupj5hqbb9,
"=""10212109""",TELL TEA (เทลที กรมหลวงประจักษ์),"=""2620448031595520""",ผลไม้ปั่น & สมูทตี้,"=""2640118287964672""",ส้มปั่น แก้วใหญ่ 22 ออนซ์,47,แสดงเมนู,พร้อมจำหน่าย,ไม่จำกัด,,,,ส้มปั่นเนื้อเนียน ข้น สีส้มสด รสชาติเปรี้ยวหวานสดชื่น ดื่มง่าย สดชื่นทุกอึก,ตลอดทั้งวัน,"=""วันจันทร์,วันอังคาร,วันพุธ,วันพฤหัสบดี,วันศุกร์,วันเสาร์,วันอาทิตย์""",00:00-23:59,2001824253843968#2025913542009344,https://mms.img.susercontent.com/th-11134505-81ztm-mlhl5f8ln5dv0a,
"=""10212109""",TELL TEA (เทลที กรมหลวงประจักษ์),"=""2620448031595520""",ผลไม้ปั่น & สมูทตี้,"=""2640133131557376""",(สมูทตี้) ส้ม แก้วใหญ่ 22 ออนซ์,68,แสดงเมนู,พร้อมจำหน่าย,ไม่จำกัด,,,,สมูทตี้ส้มปั่นผสมโยเกิร์ต เนื้อเนียน ข้น มีชั้นโยเกิร์ตเพิ่มความละมุน รสชาติเปรี้ยวหวาน สดชื่น หอมอร่อย ดื่มแล้วสดชื่น,ตลอดทั้งวัน,"=""วันจันทร์,วันอังคาร,วันพุธ,วันพฤหัสบดี,วันศุกร์,วันเสาร์,วันอาทิตย์""",00:00-23:59,2001824253843968#2025913542009344,https://mms.img.susercontent.com/th-11134505-81ztg-mlhl9yfx0d8he1,
"=""10212109""",TELL TEA (เทลที กรมหลวงประจักษ์),"=""2620448031595520""",ผลไม้ปั่น & สมูทตี้,"=""2643251108862464""",มะม่วงปั่น แก้วใหญ่ 22 ออนซ์,57,แสดงเมนู,พร้อมจำหน่าย,ไม่จำกัด,,,,มะม่วงปั่นเนื้อเนียน ข้น สีเหลืองสด รสหวานหอม สดชื่น ดื่มง่าย,ตลอดทั้งวัน,"=""วันจันทร์,วันอังคาร,วันพุธ,วันพฤหัสบดี,วันศุกร์,วันเสาร์,วันอาทิตย์""",00:00-23:59,2001824253843968#2025913542009344,https://mms.img.susercontent.com/th-11134505-81zti-mlhlfpnaark392,
"=""10212109""",TELL TEA (เทลที กรมหลวงประจักษ์),"=""2620448031595520""",ผลไม้ปั่น & สมูทตี้,"=""2643254118750720""",(สมูทตี้) มะม่วง แก้วใหญ่ 22 ออนซ์,72,แสดงเมนู,พร้อมจำหน่าย,ไม่จำกัด,,,,สมูทตี้มะม่วงผสมโยเกิร์ต เนื้อเนียน ข้น มีชั้นโยเกิร์ตเพิ่มความละมุน รสหวานหอม สดชื่น ดื่มแล้วอร่อย ฟินจนหยุดไม่อยู่!,ตลอดทั้งวัน,"=""วันจันทร์,วันอังคาร,วันพุธ,วันพฤหัสบดี,วันศุกร์,วันเสาร์,วันอาทิตย์""",00:00-23:59,2001824253843968#2025913542009344,https://mms.img.susercontent.com/th-11134505-81ztp-mlhlk8ajphj530,
"=""10212109""",TELL TEA (เทลที กรมหลวงประจักษ์),"=""2620448031595520""",ผลไม้ปั่น & สมูทตี้,"=""2653300422876160""",(สมูทตี้) มันม่วง แก้วใหญ่ 22 ออนซ์,63,แสดงเมนู,พร้อมจำหน่าย,ไม่จำกัด,,,,สมูทตี้เนื้อละมุน ปั่นจากมันม่วงแท้ หวานน้อย สดชื่น สีสวยไม่เหมือนใคร เย็นข้น ดื่มเพลิน อิ่มเบา ๆ ในแก้วเดียว เหมาะทั้งสายสุขภาพและสายถ่ายรูป พร้อมส่งตรงถึงมือคุณ.,ตลอดทั้งวัน,"=""วันจันทร์,วันอังคาร,วันพุธ,วันพฤหัสบดี,วันศุกร์,วันเสาร์,วันอาทิตย์""",00:00-23:59,2001824253843968#2025913542009344#2025914426139136,https://mms.img.susercontent.com/th-11134505-81ztl-mlhlo13c0npd4b,
"=""10212109""",TELL TEA (เทลที กรมหลวงประจักษ์),"=""2001822089795584""","นม (เย็น, ปั่น)","=""2035945924894720""",โอวัลติน (เย็น/ปั่น),42,แสดงเมนู,พร้อมจำหน่าย,ไม่จำกัด,,,,"โอวัลตินคลาสสิก, หวานมัน ชาร์จพลังกายและใจ, สั่งได้เลย!",ตลอดทั้งวัน,"=""วันจันทร์,วันอังคาร,วันพุธ,วันพฤหัสบดี,วันศุกร์,วันเสาร์,วันอาทิตย์""",00:00-23:59,2001824253843968#2025913542009344#2025914426139136#2619418001578496,https://mms.img.susercontent.com/th-11134505-81ztd-mlk9ahvosruq99,
"=""10212109""",TELL TEA (เทลที กรมหลวงประจักษ์),"=""2001822089795584""","นม (เย็น, ปั่น)","=""2035946936360960""",นมสดเย็น (เย็น/ปั่น),34,แสดงเมนู,พร้อมจำหน่าย,ไม่จำกัด,,,,"นมสดเย็นๆ หวานนุ่ม, เพลิดเพลินทุกเวลา, ส่งเร็วถึงมือ!",ตลอดทั้งวัน,"=""วันจันทร์,วันอังคาร,วันพุธ,วันพฤหัสบดี,วันศุกร์,วันเสาร์,วันอาทิตย์""",00:00-23:59,2001824253843968#2025913542009344#2025914426139136#2619418001578496,https://mms.img.susercontent.com/th-11134505-81ztn-mlkf0al47lduc8,
"=""10212109""",TELL TEA (เทลที กรมหลวงประจักษ์),"=""2001822089795584""","นม (เย็น, ปั่น)","=""2035948064661504""",นมสดน้ำผึ้ง (เย็น/ปั่น),47,แสดงเมนู,พร้อมจำหน่าย,ไม่จำกัด,,,,"นมสดแท้ผสมน้ำผึ้งธรรมชาติ, หวานอย่างมีสุขภาพ!",ตลอดทั้งวัน,"=""วันจันทร์,วันอังคาร,วันพุธ,วันพฤหัสบดี,วันศุกร์,วันเสาร์,วันอาทิตย์""",00:00-23:59,2001824253843968#2025913542009344#2025914426139136#2619418001578496,https://mms.img.susercontent.com/th-11134505-81ztj-mlkfc180f6rs36,
"=""10212109""",TELL TEA (เทลที กรมหลวงประจักษ์),"=""2001822089795584""","นม (เย็น, ปั่น)","=""2035948795551744""",นมสดคาราเมล (เย็น/ปั่น),47,แสดงเมนู,พร้อมจำหน่าย,ไม่จำกัด,,,,"นมสดคาราเมลเข้มข้น, เติมความหวานให้วันธรรมดา, สั่งง่าย!",ตลอดทั้งวัน,"=""วันจันทร์,วันอังคาร,วันพุธ,วันพฤหัสบดี,วันศุกร์,วันเสาร์,วันอาทิตย์""",00:00-23:59,2001824253843968#2025913542009344#2025914426139136#2619418001578496,https://mms.img.susercontent.com/th-11134505-81zte-mlkgkg94rp4w19,
"=""10212109""",TELL TEA (เทลที กรมหลวงประจักษ์),"=""2001822089795584""","นม (เย็น, ปั่น)","=""2035949566386176""",นมมรกต (เย็น/ปั่น),42,แสดงเมนู,พร้อมจำหน่าย,ไม่จำกัด,,,,"นมสดมรกต, สีสันใหม่ของความหวาน, ชวนลิ้มลอง!",ตลอดทั้งวัน,"=""วันจันทร์,วันอังคาร,วันพุธ,วันพฤหัสบดี,วันศุกร์,วันเสาร์,วันอาทิตย์""",00:00-23:59,2001824253843968#2025913542009344#2025914426139136#2619418001578496,https://mms.img.susercontent.com/th-11134505-81zte-mlkfo39n7u9v37,
"=""10212109""",TELL TEA (เทลที กรมหลวงประจักษ์),"=""2001822089795584""","นม (เย็น, ปั่น)","=""2035950191992832""",นมสดเผือก (เย็น/ปั่น),47,แสดงเมนู,พร้อมจำหน่าย,ไม่จำกัด,,,,"นมสดเผือกหอมหวาน, รสชาติละมุนละไม, ส่งไวถึงบ้าน!",ตลอดทั้งวัน,"=""วันจันทร์,วันอังคาร,วันพุธ,วันพฤหัสบดี,วันศุกร์,วันเสาร์,วันอาทิตย์""",00:00-23:59,2001824253843968#2025913542009344#2025914426139136#2619418001578496,https://mms.img.susercontent.com/th-11134505-81ztj-mlkg4egrqjgia8,
"=""10212109""",TELL TEA (เทลที กรมหลวงประจักษ์),"=""2001822089795584""","นม (เย็น, ปั่น)","=""2035951546671104""",นมสดมิ้นต์ (เย็น/ปั่น),47,แสดงเมนู,พร้อมจำหน่าย,ไม่จำกัด,,,,"นมสดมิ้นต์ซ่าหวาน, เติมความสดชื่น, ส่งทันใจ!",ตลอดทั้งวัน,"=""วันจันทร์,วันอังคาร,วันพุธ,วันพฤหัสบดี,วันศุกร์,วันเสาร์,วันอาทิตย์""",00:00-23:59,2001824253843968#2025913542009344#2025914426139136#2619418001578496,https://mms.img.susercontent.com/th-11134505-81ztg-mlkgq12gmlu048,
"=""10212109""",TELL TEA (เทลที กรมหลวงประจักษ์),"=""2001822089795584""","นม (เย็น, ปั่น)","=""2035952592658432""",ไมโล (เย็น/ปั่น),34,แสดงเมนู,พร้อมจำหน่าย,ไม่จำกัด,,,,"ไมโลสำหรับคนรักช็อกโกแลต, เพิ่มพลัง, จัดส่งเร็ว!",ตลอดทั้งวัน,"=""วันจันทร์,วันอังคาร,วันพุธ,วันพฤหัสบดี,วันศุกร์,วันเสาร์,วันอาทิตย์""",00:00-23:59,2001824253843968#2025913542009344#2025914426139136#2619418001578496,https://mms.img.susercontent.com/th-11134505-81ztl-mlk9fg2gp5hde2,
"=""10212109""",TELL TEA (เทลที กรมหลวงประจักษ์),"=""2001822089795584""","นม (เย็น, ปั่น)","=""2035953395212800""",นมสดไข่มุกบราวน์ชูการ์ (เย็น/ปั่น),64,แสดงเมนู,พร้อมจำหน่าย,ไม่จำกัด,,,,"นมสดไข่มุกหวานหอม, ราดบราวน์ชูการ์, ส่งตรงถึงบ้าน!",ตลอดทั้งวัน,"=""วันจันทร์,วันอังคาร,วันพุธ,วันพฤหัสบดี,วันศุกร์,วันเสาร์,วันอาทิตย์""",00:00-23:59,2001824253843968#2025913542009344#2025914426139136#2619418001578496,https://mms.img.susercontent.com/th-11134505-81ztn-mlk96o5tj1mqf3,
"=""10212109""",TELL TEA (เทลที กรมหลวงประจักษ์),"=""2001822089795584""","นม (เย็น, ปั่น)","=""2035954600386560""",นมสดเฮเซลนัท (เย็น/ปั่น),47,แสดงเมนู,พร้อมจำหน่าย,ไม่จำกัด,,,,"นมสดหอมเฮเซลนัทเข้มข้น, รสชาติหวานมัน, จัดส่งทันที!",ตลอดทั้งวัน,"=""วันจันทร์,วันอังคาร,วันพุธ,วันพฤหัสบดี,วันศุกร์,วันเสาร์,วันอาทิตย์""",00:00-23:59,2001824253843968#2025913542009344#2025914426139136#2619418001578496,https://mms.img.susercontent.com/th-11134505-81zth-mlkfxvrw7kld8c,
"=""10212109""",TELL TEA (เทลที กรมหลวงประจักษ์),"=""2001822089795584""","นม (เย็น, ปั่น)","=""2035955132063744""",นมชมพู (เย็น/ปั่น),42,แสดงเมนู,พร้อมจำหน่าย,ไม่จำกัด,,,,"นมชมพูผสมสตรอว์เบอร์รี, หวานอมเปรี้ยว, สดชื่นและสวยงาม!",ตลอดทั้งวัน,"=""วันจันทร์,วันอังคาร,วันพุธ,วันพฤหัสบดี,วันศุกร์,วันเสาร์,วันอาทิตย์""",00:00-23:59,2001824253843968#2025913542009344#2025914426139136#2619418001578496,https://mms.img.susercontent.com/th-11134505-81zto-mlkg8r0k6neq1f,
"=""10212109""",TELL TEA (เทลที กรมหลวงประจักษ์),"=""2001822089795584""","นม (เย็น, ปั่น)","=""2653296383105536""",นมสดมันม่วง,55,แสดงเมนู,พร้อมจำหน่าย,ไม่จำกัด,,,,นมสดหอมมัน ผสมกับมันม่วงแท้ รสหวานละมุน กลิ่นหอมอ่อน ๆ ดื่มง่าย สดชื่น สีม่วงสวยไม่ซ้ำ เพิ่มความสนุกในทุกแก้ว พร้อมส่งตรงถึงคุณ.,ตลอดทั้งวัน,"=""วันจันทร์,วันอังคาร,วันพุธ,วันพฤหัสบดี,วันศุกร์,วันเสาร์,วันอาทิตย์""",00:00-23:59,2001824253843968#2025913542009344#2025914426139136,https://mms.img.susercontent.com/th-11134505-81ztq-mlk8zypeiosve1,
"=""10212109""",TELL TEA (เทลที กรมหลวงประจักษ์),"=""2591165597489664""","เบาเบากับน้ำเต้าหู้ (เย็น, ปั่น)","=""2591167330294272""",น้ำเต้าหู้สูตรดั้งเดิม (เย็น/ปั่น),34,แสดงเมนู,งดจำหน่าย,ไม่จำกัด,,,,น้ำเต้าหู้สูตรดั้งเดิม,ตลอดทั้งวัน,"=""วันจันทร์,วันอังคาร,วันพุธ,วันพฤหัสบดี,วันศุกร์,วันเสาร์,วันอาทิตย์""",00:00-23:59,2001824253843968#2025913542009344#2025914426139136#2619418001578496,https://mms.img.susercontent.com/th-11134505-7rasf-macnrknkuhfj7f,
"=""10212109""",TELL TEA (เทลที กรมหลวงประจักษ์),"=""2591165597489664""","เบาเบากับน้ำเต้าหู้ (เย็น, ปั่น)","=""2591168375168000""",น้ำเต้าหู้นมสด (เย็น/ปั่น),42,แสดงเมนู,งดจำหน่าย,ไม่จำกัด,,,,น้ำเต้าหู้เนื้อนุ่ม รสละมุนกว่าปกติ เหมาะกับวันที่อยากได้อะไรเบา ๆ แต่ยังหอม มันนิด ๆ,ตลอดทั้งวัน,"=""วันจันทร์,วันอังคาร,วันพุธ,วันพฤหัสบดี,วันศุกร์,วันเสาร์,วันอาทิตย์""",00:00-23:59,2001824253843968#2025913542009344#2025914426139136#2619418001578496,https://mms.img.susercontent.com/th-11134505-7rasa-macnswf1139b28,
"=""10212109""",TELL TEA (เทลที กรมหลวงประจักษ์),"=""2591165597489664""","เบาเบากับน้ำเต้าหู้ (เย็น, ปั่น)","=""2591173929278464""",น้ำเต้าหู้โอวัลติน (เย็น/ปั่น),34,แสดงเมนู,งดจำหน่าย,ไม่จำกัด,,,,น้ำเต้าหู้หอมถั่วผสมรสช็อกโกแลตกลมกล่อม ดื่มง่าย หวานนิด ๆ หรือเลือกไม่หวานก็ได้,ตลอดทั้งวัน,"=""วันจันทร์,วันอังคาร,วันพุธ,วันพฤหัสบดี,วันศุกร์,วันเสาร์,วันอาทิตย์""",00:00-23:59,2001824253843968#2025913542009344#2025914426139136#2619418001578496,https://mms.img.susercontent.com/th-11134505-7rasl-maco0ievzpg0eb,
"=""10212109""",TELL TEA (เทลที กรมหลวงประจักษ์),"=""2591165597489664""","เบาเบากับน้ำเต้าหู้ (เย็น, ปั่น)","=""2591179103066624""",น้ำเต้าหู้เผือก (เย็น/ปั่น),47,แสดงเมนู,งดจำหน่าย,ไม่จำกัด,,,,น้ำเต้าหู้หอมถั่ว ผสมกลิ่นรสเผือกละมุน เบาแต่มีสีสัน เลือกระดับความหวานได้ตามใจ,ตลอดทั้งวัน,"=""วันจันทร์,วันอังคาร,วันพุธ,วันพฤหัสบดี,วันศุกร์,วันเสาร์,วันอาทิตย์""",00:00-23:59,2001824253843968#2025913542009344#2025914426139136#2619418001578496,https://mms.img.susercontent.com/th-11134505-7rasj-maco74mhed1sc8,
"=""10212109""",TELL TEA (เทลที กรมหลวงประจักษ์),"=""2591165597489664""","เบาเบากับน้ำเต้าหู้ (เย็น, ปั่น)","=""2591186275916288""",น้ำเต้าหู้โกโก้ (เย็น/ปั่น),34,แสดงเมนู,งดจำหน่าย,ไม่จำกัด,,,,น้ำเต้าหู้รสโกโก้ หอมมันเบา ๆ ไม่เข้มจัด ดื่มสบายได้ทุกวัน,ตลอดทั้งวัน,"=""วันจันทร์,วันอังคาร,วันพุธ,วันพฤหัสบดี,วันศุกร์,วันเสาร์,วันอาทิตย์""",00:00-23:59,2001824253843968#2025913542009344#2025914426139136#2619418001578496,https://mms.img.susercontent.com/th-11134505-7rasa-macogehytaxc6c,
"=""10212109""",TELL TEA (เทลที กรมหลวงประจักษ์),"=""2001821645969920""","กาแฟ (เย็น, ปั่น)","=""2001840413628416""",โกปี๊อ้อ (โอเลี้ยง) (เย็น/ปั่น),26,แสดงเมนู,พร้อมจำหน่าย,ไม่จำกัด,,,,"โกปี๊เข้มข้นสูตรพิเศษ, เพื่อผู้รักสุขภาพ, จัดส่งทันใจ!",ตลอดทั้งวัน,"=""วันจันทร์,วันอังคาร,วันพุธ,วันพฤหัสบดี,วันศุกร์,วันเสาร์,วันอาทิตย์""",00:00-23:59,2001824253843968#2025913542009344#2025914426139136,https://mms.img.susercontent.com/th-11134505-81ztl-mljhden9rd3j43,
"=""10212109""",TELL TEA (เทลที กรมหลวงประจักษ์),"=""2001821645969920""","กาแฟ (เย็น, ปั่น)","=""2035958178849280""",โกปี๊ ยกล้อ (ใส่นม) (เย็น/ปั่น),34,แสดงเมนู,พร้อมจำหน่าย,ไม่จำกัด,,,,"โกปี๊สำหรับคนรักออกกำลัง, เพิ่มพลังชีวิต, สั่งได้ง่าย!",ตลอดทั้งวัน,"=""วันจันทร์,วันอังคาร,วันพุธ,วันพฤหัสบดี,วันศุกร์,วันเสาร์,วันอาทิตย์""",00:00-23:59,2001824253843968#2025913542009344#2025914426139136#2619418001578496,https://mms.img.susercontent.com/th-11134505-81ztk-mljgc3lccdms80,
"=""10212109""",TELL TEA (เทลที กรมหลวงประจักษ์),"=""2001821645969920""","กาแฟ (เย็น, ปั่น)","=""2035959022821376""",โกปี๊ โบราณ (เย็น/ปั่น),34,แสดงเมนู,พร้อมจำหน่าย,ไม่จำกัด,,,,"โกปี๊แบบดั้งเดิม, รสชาติเข้มข้น, สั่งสะดวกผ่านแอพ!",ตลอดทั้งวัน,"=""วันจันทร์,วันอังคาร,วันพุธ,วันพฤหัสบดี,วันศุกร์,วันเสาร์,วันอาทิตย์""",00:00-23:59,2001824253843968#2025913542009344#2025914426139136#2619418001578496,https://mms.img.susercontent.com/th-11134505-81zti-mlk8omr9c6bz43,
"=""10212109""",TELL TEA (เทลที กรมหลวงประจักษ์),"=""2001821645969920""","กาแฟ (เย็น, ปั่น)","=""2035959681572864""",เนสกาแฟ (เย็น/ปั่น),42,แสดงเมนู,พร้อมจำหน่าย,ไม่จำกัด,,,,"เนสกาแฟ หอมกรุ่น, เติมพลังทุกเช้า, ส่งตรงถึงคุณ!",ตลอดทั้งวัน,"=""วันจันทร์,วันอังคาร,วันพุธ,วันพฤหัสบดี,วันศุกร์,วันเสาร์,วันอาทิตย์""",00:00-23:59,2001824253843968#2025913542009344#2025914426139136#2619418001578496,https://mms.img.susercontent.com/th-11134505-81ztk-mlk8uxgnvx1c12,
"=""10212109""",TELL TEA (เทลที กรมหลวงประจักษ์),"=""2001821645969920""","กาแฟ (เย็น, ปั่น)","=""2035960316469248""",มอคค่า (เย็น/ปั่น),42,แสดงเมนู,พร้อมจำหน่าย,ไม่จำกัด,,,,"มอคค่าหวานมันกับช็อกโกแลต, อุ่นใจทุกดื่ม, สั่งเลย!",ตลอดทั้งวัน,"=""วันจันทร์,วันอังคาร,วันพุธ,วันพฤหัสบดี,วันศุกร์,วันเสาร์,วันอาทิตย์""",00:00-23:59,2001824253843968#2025913542009344#2025914426139136#2619418001578496,https://mms.img.susercontent.com/th-11134505-81ztl-mlk8hps1apdtf8,
"=""10212109""",TELL TEA (เทลที กรมหลวงประจักษ์),"=""2001821645969920""","กาแฟ (เย็น, ปั่น)","=""2035961126806016""",ลาเต้ (เย็น/ปั่น),42,แสดงเมนู,พร้อมจำหน่าย,ไม่จำกัด,,,,"ลาเต้เนียนนุ่มหอมมัน, กาแฟพร้อมนม, ส่งไวถึงมือ!",ตลอดทั้งวัน,"=""วันจันทร์,วันอังคาร,วันพุธ,วันพฤหัสบดี,วันศุกร์,วันเสาร์,วันอาทิตย์""",00:00-23:59,2001824253843968#2025913542009344#2025914426139136#2619418001578496,https://mms.img.susercontent.com/th-11134505-81ztj-mlk8bjqo3ais4c,
"=""10212109""",TELL TEA (เทลที กรมหลวงประจักษ์),"=""2001823106341376""",อินตาเลียนโซดา,"=""2036016510902784""",แดงโซดา,26,แสดงเมนู,พร้อมจำหน่าย,ไม่จำกัด,,,,"แดงโซดาสดชื่น, ตื่นตาตื่นใจ, สีสันสดใส, จัดส่งไว!",ตลอดทั้งวัน,"=""วันจันทร์,วันอังคาร,วันพุธ,วันพฤหัสบดี,วันศุกร์,วันเสาร์,วันอาทิตย์""",00:00-23:59,2001824253843968#2025913542009344#2025914426139136,https://mms.img.susercontent.com/th-11134505-81ztf-mlkh251ke03o37,
"=""10212109""",TELL TEA (เทลที กรมหลวงประจักษ์),"=""2001823106341376""",อินตาเลียนโซดา,"=""2036017101955584""",เขียวโซดา,26,แสดงเมนู,พร้อมจำหน่าย,ไม่จำกัด,,,,"เขียวโซดาชูกำลัง, รสชาติสดใส, เติมพลังให้วันใหม่!",ตลอดทั้งวัน,"=""วันจันทร์,วันอังคาร,วันพุธ,วันพฤหัสบดี,วันศุกร์,วันเสาร์,วันอาทิตย์""",00:00-23:59,2001824253843968#2025913542009344#2025914426139136,https://mms.img.susercontent.com/th-11134505-81ztn-mlkh56o32yv4ce,
"=""10212109""",TELL TEA (เทลที กรมหลวงประจักษ์),"=""2001823106341376""",อินตาเลียนโซดา,"=""2036018203664896""",น้ำผึ้งมะนาวโซดา,50,แสดงเมนู,พร้อมจำหน่าย,ไม่จำกัด,,,,"โซดามะนาวผสมน้ำผึ้ง, สดชื่นหวานละมุน, สั่งเลย, ส่งไว!",ตลอดทั้งวัน,"=""วันจันทร์,วันอังคาร,วันพุธ,วันพฤหัสบดี,วันศุกร์,วันเสาร์,วันอาทิตย์""",00:00-23:59,2001824253843968#2025913542009344#2025914426139136#2688610151785472,https://mms.img.susercontent.com/th-11134505-81ztg-mlklam21se8f81,
"=""10212109""",TELL TEA (เทลที กรมหลวงประจักษ์),"=""2001823106341376""",อินตาเลียนโซดา,"=""2036019807199232""",แดงมะนาวโซดา,50,แสดงเมนู,พร้อมจำหน่าย,ไม่จำกัด,,,,"โซดามะนาวแดง, ผสานความสดชื่น, จัดส่งเร็วถึงที่!",ตลอดทั้งวัน,"=""วันจันทร์,วันอังคาร,วันพุธ,วันพฤหัสบดี,วันศุกร์,วันเสาร์,วันอาทิตย์""",00:00-23:59,2001824253843968#2025913542009344#2025914426139136#2688610151785472,https://mms.img.susercontent.com/th-11134505-81zth-mlklk0gy4qa04d,
"=""10212109""",TELL TEA (เทลที กรมหลวงประจักษ์),"=""2001823106341376""",อินตาเลียนโซดา,"=""2036020665278976""",เขียวมะนาวโซดา,42,แสดงเมนู,พร้อมจำหน่าย,ไม่จำกัด,,,,"เขียวมะนาวโซดาเย็นฉ่ำ, รสชาติที่ต้องลอง, ส่งตรงถึงคุณ!",ตลอดทั้งวัน,"=""วันจันทร์,วันอังคาร,วันพุธ,วันพฤหัสบดี,วันศุกร์,วันเสาร์,วันอาทิตย์""",00:00-23:59,2001824253843968#2025913542009344#2025914426139136#2688610151785472,https://mms.img.susercontent.com/th-11134505-81zti-mlkjfm9xd53c78,
"=""10212109""",TELL TEA (เทลที กรมหลวงประจักษ์),"=""2001823106341376""",อินตาเลียนโซดา,"=""2036021911478784""",บ๊วยโซดา,34,แสดงเมนู,พร้อมจำหน่าย,ไม่จำกัด,,,,"โซดาบ๊วยหวานอมเปรี้ยว, รสชาติเฉพาะ, จัดส่งไวถึงมือ!",ตลอดทั้งวัน,"=""วันจันทร์,วันอังคาร,วันพุธ,วันพฤหัสบดี,วันศุกร์,วันเสาร์,วันอาทิตย์""",00:00-23:59,2001824253843968#2025913542009344#2025914426139136,https://mms.img.susercontent.com/th-11134505-81ztj-mlkitd3jmm14cb,
"=""10212109""",TELL TEA (เทลที กรมหลวงประจักษ์),"=""2001823106341376""",อินตาเลียนโซดา,"=""2036022599246336""",มะนาวโซดา,34,แสดงเมนู,พร้อมจำหน่าย,ไม่จำกัด,,,,"มะนาวโซดาคลาสสิก, รสชาติสดชื่น, เติมความเย็นในทุกดื่ม!",ตลอดทั้งวัน,"=""วันจันทร์,วันอังคาร,วันพุธ,วันพฤหัสบดี,วันศุกร์,วันเสาร์,วันอาทิตย์""",00:00-23:59,2001824253843968#2025913542009344#2025914426139136,https://mms.img.susercontent.com/th-11134505-81ztf-mlkky58s3g1u0a,
"=""10212109""",TELL TEA (เทลที กรมหลวงประจักษ์),"=""2001823106341376""",อินตาเลียนโซดา,"=""2036023190970368""",สตรอว์เบอร์รีโซดา,26,แสดงเมนู,พร้อมจำหน่าย,ไม่จำกัด,,,,"โซดาสตรอว์เบอร์รีสุดซ่า, หวานฉ่ำใจ, ส่งตรงถึงมือ!",ตลอดทั้งวัน,"=""วันจันทร์,วันอังคาร,วันพุธ,วันพฤหัสบดี,วันศุกร์,วันเสาร์,วันอาทิตย์""",00:00-23:59,2001824253843968#2025913542009344#2025914426139136,https://mms.img.susercontent.com/th-11134505-81ztf-mlkl5320mvb87e,
"=""10212109""",TELL TEA (เทลที กรมหลวงประจักษ์),"=""2001823106341376""",อินตาเลียนโซดา,"=""2036023845904384""",เสาวรสโซดา,26,แสดงเมนู,พร้อมจำหน่าย,ไม่จำกัด,,,,"เสาวรสโซดาสดชื่น, หวานหอมละมุน, พร้อมส่งทันที!",ตลอดทั้งวัน,"=""วันจันทร์,วันอังคาร,วันพุธ,วันพฤหัสบดี,วันศุกร์,วันเสาร์,วันอาทิตย์""",00:00-23:59,2001824253843968#2025913542009344#2025914426139136,https://mms.img.susercontent.com/th-11134505-81ztp-mlkluqdn8jkfcf,
"=""10212109""",TELL TEA (เทลที กรมหลวงประจักษ์),"=""2001823106341376""",อินตาเลียนโซดา,"=""2036024399880192""",ลิ้นจี่โซดา,26,แสดงเมนู,พร้อมจำหน่าย,ไม่จำกัด,,,,"โซดาลิ้นจี่สดชื่น, หวานหอมเฉพาะ, จัดส่งไวสุดๆ!",ตลอดทั้งวัน,"=""วันจันทร์,วันอังคาร,วันพุธ,วันพฤหัสบดี,วันศุกร์,วันเสาร์,วันอาทิตย์""",00:00-23:59,2001824253843968#2025913542009344#2025914426139136,https://mms.img.susercontent.com/th-11134505-81ztq-mlkkteb7vi0y49,
"=""10212109""",TELL TEA (เทลที กรมหลวงประจักษ์),"=""2001823106341376""",อินตาเลียนโซดา,"=""2036025039052800""",บลูเบอร์รี่โซดา,26,แสดงเมนู,พร้อมจำหน่าย,ไม่จำกัด,,,,"บลูเบอร์รี่โซดาเย็นฉ่ำ, สีสันสดใส, สั่งเลยทันที!",ตลอดทั้งวัน,"=""วันจันทร์,วันอังคาร,วันพุธ,วันพฤหัสบดี,วันศุกร์,วันเสาร์,วันอาทิตย์""",00:00-23:59,2001824253843968#2025913542009344#2025914426139136,https://mms.img.susercontent.com/th-11134505-81ztg-mlkj5r017mrp87,
"=""10212109""",TELL TEA (เทลที กรมหลวงประจักษ์),"=""2001823106341376""",อินตาเลียนโซดา,"=""2036025616605696""",แอปเปิ้ลโซดา,26,แสดงเมนู,พร้อมจำหน่าย,ไม่จำกัด,,,,"แอปเปิ้ลโซดาหวานสด, จัดส่งไว, คลายร้อนทันใจ!",ตลอดทั้งวัน,"=""วันจันทร์,วันอังคาร,วันพุธ,วันพฤหัสบดี,วันศุกร์,วันเสาร์,วันอาทิตย์""",00:00-23:59,2001824253843968#2025913542009344#2025914426139136,https://mms.img.susercontent.com/th-11134505-81ztk-mlkixnyu6jusb4,
"=""10212109""",TELL TEA (เทลที กรมหลวงประจักษ์),"=""2001823106341376""",อินตาเลียนโซดา,"=""2036026321018880""",บลูฮาวายโซดา,26,แสดงเมนู,พร้อมจำหน่าย,ไม่จำกัด,,,,"บลูฮาวายโซดาเขตร้อน, ซ่าหวานเย็นสด, ส่งเร็วถึงคุณ!",ตลอดทั้งวัน,"=""วันจันทร์,วันอังคาร,วันพุธ,วันพฤหัสบดี,วันศุกร์,วันเสาร์,วันอาทิตย์""",00:00-23:59,2001824253843968#2025913542009344#2025914426139136,https://mms.img.susercontent.com/th-11134505-81zte-mlkkmd4nez2g4b,
"=""10212109""",TELL TEA (เทลที กรมหลวงประจักษ์),"=""2482306414906880""",0% แคล ชาเพื่อสุขภาพ,"=""2482308320284160""",0% แคล ชาลิ้นจี่,26,แสดงเมนู,พร้อมจำหน่าย,ไม่จำกัด,,,,หอมละมุนจากชาเขียวมะลิ ผสานความหวานหอมของลิ้นจี่แท้ๆ ปรุงรสด้วยหญ้าหวานแทนน้ำตาล ไม่มีแคลอรี่ ดื่มง่าย สดชื่นลงตัว เหมาะสำหรับสายสุขภาพและคนที่มองหาเครื่องดื่มชาเพื่อความสดชื่นแบบไร้กังวล,ตลอดทั้งวัน,"=""วันจันทร์,วันอังคาร,วันพุธ,วันพฤหัสบดี,วันศุกร์,วันเสาร์,วันอาทิตย์""",00:00-23:59,2001824253843968#2025913542009344#2025914426139136,https://mms.img.susercontent.com/th-11134505-7rasg-m7awfsuowkpm0c,
"=""10212109""",TELL TEA (เทลที กรมหลวงประจักษ์),"=""2482306414906880""",0% แคล ชาเพื่อสุขภาพ,"=""2482309736599040""",0% แคล ชาสละ,26,แสดงเมนู,พร้อมจำหน่าย,ไม่จำกัด,,,,หอมหวานสดชื่นด้วยรสชาติเอกลักษณ์ของสละ ผสานกับชาเขียวมะลิหอมละมุน ให้ความหวานแบบไร้กังวลด้วยหญ้าหวานแทนน้ำตาล 0% แคลอรี่ ดื่มง่าย รีเฟรชได้ทุกวัน,ตลอดทั้งวัน,"=""วันจันทร์,วันอังคาร,วันพุธ,วันพฤหัสบดี,วันศุกร์,วันเสาร์,วันอาทิตย์""",00:00-23:59,2001824253843968#2025913542009344#2025914426139136,https://mms.img.susercontent.com/th-11134505-7rasg-m7awhk3uau3e92,
"=""10212109""",TELL TEA (เทลที กรมหลวงประจักษ์),"=""2482306414906880""",0% แคล ชาเพื่อสุขภาพ,"=""2482311366315520""",0% แคล ชาองุ่น,26,แสดงเมนู,พร้อมจำหน่าย,ไม่จำกัด,,,,สัมผัสความหอมหวานขององุ่นแท้ๆ ผสมกับชาเขียวมะลิที่ให้รสชาติละมุน กลมกล่อมอย่างลงตัว ปรุงรสด้วยหญ้าหวานแทนน้ำตาล ไม่มีแคลอรี่ สดชื่น เบาสบาย ดื่มได้ทุกวัน,ตลอดทั้งวัน,"=""วันจันทร์,วันอังคาร,วันพุธ,วันพฤหัสบดี,วันศุกร์,วันเสาร์,วันอาทิตย์""",00:00-23:59,2001824253843968#2025913542009344#2025914426139136,https://mms.img.susercontent.com/th-11134505-7rasj-m7awiy6t0fhf4b,
"=""10212109""",TELL TEA (เทลที กรมหลวงประจักษ์),"=""2482306414906880""",0% แคล ชาเพื่อสุขภาพ,"=""2483534695534080""",0% แคล ชาพีช,26,แสดงเมนู,พร้อมจำหน่าย,ไม่จำกัด,,,,ชาใสหอมกลิ่นพีช สดชื่น ดื่มง่าย ไม่มีน้ำตาลและแคลอรี่ เหมาะสำหรับคนรักสุขภาพและควบคุมน้ำหนัก,ตลอดทั้งวัน,"=""วันจันทร์,วันอังคาร,วันพุธ,วันพฤหัสบดี,วันศุกร์,วันเสาร์,วันอาทิตย์""",00:00-23:59,2001824253843968#2025913542009344#2025914426139136,https://mms.img.susercontent.com/th-11134505-7rasj-m7c4xj1t81a7ab,
"=""10212109""",TELL TEA (เทลที กรมหลวงประจักษ์),"=""2482306414906880""",0% แคล ชาเพื่อสุขภาพ,"=""2483536546172416""",0% แคล ชาน้ำผึ้ง,26,แสดงเมนู,พร้อมจำหน่าย,ไม่จำกัด,,,,ความหอมหวานของน้ำผึ้งแท้ ผสานกับชาใส ดื่มแล้วสดชื่นโดยไม่มีแคลอรี่ ให้ความหวานจากธรรมชาติแบบไม่ต้องรู้สึกผิด,ตลอดทั้งวัน,"=""วันจันทร์,วันอังคาร,วันพุธ,วันพฤหัสบดี,วันศุกร์,วันเสาร์,วันอาทิตย์""",00:00-23:59,2001824253843968#2025913542009344#2025914426139136,https://mms.img.susercontent.com/th-11134505-7rasg-m7c4zgsv5dnn8b,
"=""10212109""",TELL TEA (เทลที กรมหลวงประจักษ์),"=""2482306414906880""",0% แคล ชาเพื่อสุขภาพ,"=""2483538555735040""",0% แคล ชาน้ำผึ้งมะนาว,26,แสดงเมนู,พร้อมจำหน่าย,ไม่จำกัด,,,,รสเปรี้ยวสดชื่นจากมะนาวแท้ ผสมกับน้ำผึ้งหอมหวานและชาใส ไม่มีแคลอรี่ ดื่มง่าย สดชื่นตลอดวัน,ตลอดทั้งวัน,"=""วันจันทร์,วันอังคาร,วันพุธ,วันพฤหัสบดี,วันศุกร์,วันเสาร์,วันอาทิตย์""",00:00-23:59,2001824253843968#2025913542009344#2025914426139136#2688610151785472,https://mms.img.susercontent.com/th-11134505-7rask-m7c51wuwaf6r38,
"=""10212109""",TELL TEA (เทลที กรมหลวงประจักษ์),"=""2482306414906880""",0% แคล ชาเพื่อสุขภาพ,"=""2486652702198784""",0% แคล ชาแคนตาลูป,26,แสดงเมนู,พร้อมจำหน่าย,ไม่จำกัด,,,,หอมหวาน สดชื่น ด้วยกลิ่นหอมของแคนตาลูปแท้ ไม่มีน้ำตาลและแคลอรี่ เหมาะสำหรับคนรักสุขภาพที่ต้องการดื่มชาอร่อยแบบไม่ต้องกังวล,ตลอดทั้งวัน,"=""วันจันทร์,วันอังคาร,วันพุธ,วันพฤหัสบดี,วันศุกร์,วันเสาร์,วันอาทิตย์""",00:00-23:59,2001824253843968#2025913542009344#2025914426139136,https://mms.img.susercontent.com/th-11134505-7rash-m7fa4l52h8a8ba,
"=""10212109""",TELL TEA (เทลที กรมหลวงประจักษ์),"=""2482306414906880""",0% แคล ชาเพื่อสุขภาพ,"=""2486653864250368""",0% แคล ชาฟรุตพันช์,26,แสดงเมนู,พร้อมจำหน่าย,ไม่จำกัด,,,,รสชาติเปรี้ยวหวานสดชื่น ผสานกลิ่นผลไม้รวม ดื่มง่าย เติมความสดชื่นได้ตลอดวัน ปราศจากน้ำตาลและแคลอรี่,ตลอดทั้งวัน,"=""วันจันทร์,วันอังคาร,วันพุธ,วันพฤหัสบดี,วันศุกร์,วันเสาร์,วันอาทิตย์""",00:00-23:59,2001824253843968#2025913542009344#2025914426139136,https://mms.img.susercontent.com/th-11134505-7rash-m7fa5sbz9r6i46,
"=""10212109""",TELL TEA (เทลที กรมหลวงประจักษ์),"=""2482306414906880""",0% แคล ชาเพื่อสุขภาพ,"=""2486655182490624""",0% แคล ชามะลิ,26,แสดงเมนู,พร้อมจำหน่าย,ไม่จำกัด,,,,หอมกลิ่นมะลิอ่อนๆ ให้ความรู้สึกผ่อนคลาย ดื่มง่าย ไม่มีน้ำตาลและแคลอรี่ หวานธรรมชาติ เหมาะกับทุกช่วงเวลา,ตลอดทั้งวัน,"=""วันจันทร์,วันอังคาร,วันพุธ,วันพฤหัสบดี,วันศุกร์,วันเสาร์,วันอาทิตย์""",00:00-23:59,2001824253843968#2025913542009344#2025914426139136,https://mms.img.susercontent.com/th-11134505-7rasi-m7fa7hffv3yya9,
"=""10212109""",TELL TEA (เทลที กรมหลวงประจักษ์),"=""2482306644233728""",0% แคล โซดาซ่าเพื่อสุขภาพ,"=""2486660673801728""",0% แคล โซดาลิ้นจี่,26,แสดงเมนู,พร้อมจำหน่าย,ไม่จำกัด,,,,สดชื่น หอมหวานกำลังดี ด้วยกลิ่นลิ้นจี่แบบธรรมชาติ ซ่าซ่าแบบไม่มีน้ำตาลและแคลอรี่ ดื่มง่าย สดชื่นทุกเวลา,ตลอดทั้งวัน,"=""วันจันทร์,วันอังคาร,วันพุธ,วันพฤหัสบดี,วันศุกร์,วันเสาร์,วันอาทิตย์""",00:00-23:59,2001824253843968#2025913542009344#2025914426139136,https://mms.img.susercontent.com/th-11134505-7ras8-m7fadgukmevu99,
"=""10212109""",TELL TEA (เทลที กรมหลวงประจักษ์),"=""2482306644233728""",0% แคล โซดาซ่าเพื่อสุขภาพ,"=""2486663893191680""",0% แคล โซดาน้ำผึ้ง,26,แสดงเมนู,พร้อมจำหน่าย,ไม่จำกัด,,,,กลิ่นหอมนุ่มละมุนของน้ำผึ้งแท้ ผสานความซ่าของโซดา สดชื่นแบบไม่มีน้ำตาลและแคลอรี่ เหมาะสำหรับทุกโอกาส,ตลอดทั้งวัน,"=""วันจันทร์,วันอังคาร,วันพุธ,วันพฤหัสบดี,วันศุกร์,วันเสาร์,วันอาทิตย์""",00:00-23:59,2001824253843968#2025913542009344#2025914426139136,https://mms.img.susercontent.com/th-11134505-7rasf-m7faj2g7lql6d5,
"=""10212109""",TELL TEA (เทลที กรมหลวงประจักษ์),"=""2482306644233728""",0% แคล โซดาซ่าเพื่อสุขภาพ,"=""2486666748726784""",0% แคล โซดาน้ำผึ้งมะนาว,26,แสดงเมนู,พร้อมจำหน่าย,ไม่จำกัด,,,,เปรี้ยวหวานลงตัวจากน้ำผึ้งและมะนาว สดชื่นด้วยโซดาซ่า ไม่มีน้ำตาลและแคลอรี่ ให้ความสดชื่นทุกครั้งที่ดื่ม,ตลอดทั้งวัน,"=""วันจันทร์,วันอังคาร,วันพุธ,วันพฤหัสบดี,วันศุกร์,วันเสาร์,วันอาทิตย์""",00:00-23:59,2001824253843968#2025913542009344#2025914426139136#2688610151785472,https://mms.img.susercontent.com/th-11134505-7rasd-m7fam00x3vj7b1,
"=""10212109""",TELL TEA (เทลที กรมหลวงประจักษ์),"=""2482306644233728""",0% แคล โซดาซ่าเพื่อสุขภาพ,"=""2486669035671040""",0% แคล โซดาองุ่น,26,แสดงเมนู,พร้อมจำหน่าย,ไม่จำกัด,,,,หอมกลิ่นองุ่นเข้มข้น ซ่า สดชื่น ไม่มีน้ำตาลและแคลอรี่ ดื่มง่าย ให้ความรู้สึกสดชื่นตลอดวัน,ตลอดทั้งวัน,"=""วันจันทร์,วันอังคาร,วันพุธ,วันพฤหัสบดี,วันศุกร์,วันเสาร์,วันอาทิตย์""",00:00-23:59,2001824253843968#2025913542009344#2025914426139136,https://mms.img.susercontent.com/th-11134505-7rasg-m7faoxdv8lsz71,
"=""10212109""",TELL TEA (เทลที กรมหลวงประจักษ์),"=""2482306644233728""",0% แคล โซดาซ่าเพื่อสุขภาพ,"=""2488093025963520""",0% แคล โซดาแคนตาลูป,26,แสดงเมนู,พร้อมจำหน่าย,ไม่จำกัด,,,,หอมหวานสดชื่นด้วยกลิ่นแคนตาลูปแท้ ผสานความซ่าของโซดาแบบไม่มีน้ำตาลและแคลอรี่ ดื่มง่าย เติมความสดชื่นได้ทุกวัน,ตลอดทั้งวัน,"=""วันจันทร์,วันอังคาร,วันพุธ,วันพฤหัสบดี,วันศุกร์,วันเสาร์,วันอาทิตย์""",00:00-23:59,2001824253843968#2025913542009344#2025914426139136,https://mms.img.susercontent.com/th-11134505-7rasc-m7gqdym2licw8c,
"=""10212109""",TELL TEA (เทลที กรมหลวงประจักษ์),"=""2482306644233728""",0% แคล โซดาซ่าเพื่อสุขภาพ,"=""2488095588060160""",0% แคล โซดาพีช,26,แสดงเมนู,พร้อมจำหน่าย,ไม่จำกัด,,,,หอมกลิ่นพีชละมุน สดชื่นทุกคำที่ดื่ม ซ่าแบบลงตัว ไม่มีน้ำตาลและแคลอรี่ เหมาะสำหรับคนที่ต้องการความสดชื่นแบบไม่เพิ่มพลังงาน,ตลอดทั้งวัน,"=""วันจันทร์,วันอังคาร,วันพุธ,วันพฤหัสบดี,วันศุกร์,วันเสาร์,วันอาทิตย์""",00:00-23:59,2001824253843968#2025913542009344#2025914426139136,https://mms.img.susercontent.com/th-11134505-7rasg-m7gqi1y2zp0jbc,
"=""10212109""",TELL TEA (เทลที กรมหลวงประจักษ์),"=""2482306644233728""",0% แคล โซดาซ่าเพื่อสุขภาพ,"=""2488097824525312""",0% แคล โซดาฟรุตพันช์,26,แสดงเมนู,พร้อมจำหน่าย,ไม่จำกัด,,,,เปรี้ยวหวานกลมกล่อมด้วยกลิ่นผลไม้รวม เติมความสดชื่นด้วยโซดาซ่า ไม่มีน้ำตาลและแคลอรี่ ดื่มง่าย สดชื่นได้ทุกเวลา,ตลอดทั้งวัน,"=""วันจันทร์,วันอังคาร,วันพุธ,วันพฤหัสบดี,วันศุกร์,วันเสาร์,วันอาทิตย์""",00:00-23:59,2001824253843968#2025913542009344#2025914426139136,https://mms.img.susercontent.com/th-11134505-7rask-m7gqkx026kt69a,
"=""10212109""",TELL TEA (เทลที กรมหลวงประจักษ์),"=""2463261068837888""",* กาแฟสดเข้มข้น,"=""2463263179654144""",กาแฟสด อเมริกาโน่ เย็น 16 ออนซ์,50,แสดงเมนู,พร้อมจำหน่าย,ไม่จำกัด,,,,เข้มข้น สดชื่น กับกาแฟเอสเปรสโซ่ผสมน้ำเย็นและน้ำแข็ง ให้รสชาติขมกลมกล่อม ดื่มง่าย เหมาะสำหรับคนที่ต้องการความสดชื่นแบบไม่มีนมและน้ำตาล,ตลอดทั้งวัน,"=""วันจันทร์,วันอังคาร,วันพุธ,วันพฤหัสบดี,วันศุกร์,วันเสาร์,วันอาทิตย์""",00:00-23:59,2025913542009344#2025914426139136#2489613938674688#2001824253843968#2631797327109120,https://mms.img.susercontent.com/th-11134505-7rasm-mahrn00glci8ec,
"=""10212109""",TELL TEA (เทลที กรมหลวงประจักษ์),"=""2463261068837888""",* กาแฟสดเข้มข้น,"=""2463265350189568""",กาแฟสด เอสเปรสโซ่ เย็น 16 ออนซ์,51,แสดงเมนู,พร้อมจำหน่าย,ไม่จำกัด,,,,เอสเปรสโซ่เย็น – สัมผัสรสชาติที่เข้มข้นถึงใจของกาแฟเอสเปรสโซ่แท้ เสิร์ฟพร้อมน้ำแข็ง ให้รสขมและหอมกลิ่นกาแฟที่ชัดเจน เหมาะสำหรับคอกาแฟที่ต้องการพลังงานและความสดชื่น,ตลอดทั้งวัน,"=""วันจันทร์,วันอังคาร,วันพุธ,วันพฤหัสบดี,วันศุกร์,วันเสาร์,วันอาทิตย์""",00:00-23:59,2025913542009344#2025914426139136#2489613938674688#2001824253843968,https://mms.img.susercontent.com/th-11134505-7ras9-m6rp8dc0vm4509,
"=""10212109""",TELL TEA (เทลที กรมหลวงประจักษ์),"=""2463261068837888""",* กาแฟสดเข้มข้น,"=""2466129961927680""",กาแฟสด ลองแบล็ค เย็น 16 ออนซ์,42,แสดงเมนู,พร้อมจำหน่าย,ไม่จำกัด,,,,ลองแบล็คเย็น – กาแฟดำรสเข้มข้นจากเอสเปรสโซ่ ผสมน้ำเย็นและเสิร์ฟพร้อมน้ำแข็ง ให้รสชาติเข้มแต่กลมกล่อม พร้อมกลิ่นหอมของกาแฟที่ชัดเจน เหมาะสำหรับคอกาแฟที่ต้องการความสดชื่นและพลังงานในทุกวัน,ตลอดทั้งวัน,"=""วันจันทร์,วันอังคาร,วันพุธ,วันพฤหัสบดี,วันศุกร์,วันเสาร์,วันอาทิตย์""",00:00-23:59,2025913542009344#2025914426139136#2489613938674688#2001824253843968#2631797327109120,https://mms.img.susercontent.com/th-11134505-7rase-m6ul3uafdeid28,
"=""10212109""",TELL TEA (เทลที กรมหลวงประจักษ์),"=""2463261068837888""",* กาแฟสดเข้มข้น,"=""2471227068632064""",กาแฟสด เอสเปรสโซ่ไทยสไตล์ เย็น 16 ออนซ์,42,แสดงเมนู,พร้อมจำหน่าย,ไม่จำกัด,,,,เอสเปรสโซ่ไทยสไตล์เย็น – กาแฟเอสเปรสโซ่เข้มข้น ผสมกับนมข้นหวานและนมสด ให้รสชาติหอมมัน กลมกล่อม หวานเข้มข้นตามสไตล์กาแฟไทยแท้ ดื่มแล้วสดชื่น ได้พลังงานเต็มที่ เหมาะสำหรับคนที่ชอบกาแฟรสหวานมันแบบไทย,ตลอดทั้งวัน,"=""วันจันทร์,วันอังคาร,วันพุธ,วันพฤหัสบดี,วันศุกร์,วันเสาร์,วันอาทิตย์""",00:00-23:59,2025913542009344#2025914426139136#2489613938674688#2001824253843968,https://mms.img.susercontent.com/th-11134505-7rask-m6zq6q63mozb70,
"=""10212109""",TELL TEA (เทลที กรมหลวงประจักษ์),"=""2463261068837888""",* กาแฟสดเข้มข้น,"=""2473114179980288""",กาแฟสด โอเลี้ยง เย็น 16 ออนซ์,42,แสดงเมนู,พร้อมจำหน่าย,ไม่จำกัด,,,,โอเลี้ยงเย็น – กาแฟดำสไตล์ไทย หอมเข้ม กลมกล่อม เติมความสดชื่นด้วยรสหวานเล็กน้อยจากน้ำตาล ให้ความรู้สึกคลาสสิกและลงตัว ดื่มง่าย สดชื่นทุกเวลา,ตลอดทั้งวัน,"=""วันจันทร์,วันอังคาร,วันพุธ,วันพฤหัสบดี,วันศุกร์,วันเสาร์,วันอาทิตย์""",00:00-23:59,2025914426139136#2025913542009344#2489613938674688#2001824253843968#2631797327109120,https://mms.img.susercontent.com/th-11134505-7rash-m71mpxdbixuo1b,
"=""10212109""",TELL TEA (เทลที กรมหลวงประจักษ์),"=""2463261068837888""",* กาแฟสดเข้มข้น,"=""2473119347035136""",กาแฟสด กาแฟโบราณ เย็น 16 ออนซ์,42,แสดงเมนู,พร้อมจำหน่าย,ไม่จำกัด,,,,กาแฟโบราณเย็น – กาแฟเข้มข้นสไตล์ดั้งเดิม หอมกรุ่น กลมกล่อม ผสมนมและน้ำตาลในสัดส่วนที่พอดี ให้รสชาติหวานมัน นุ่มนวล ดื่มแล้วสดชื่น คลาสสิกทุกแก้ว,ตลอดทั้งวัน,"=""วันจันทร์,วันอังคาร,วันพุธ,วันพฤหัสบดี,วันศุกร์,วันเสาร์,วันอาทิตย์""",00:00-23:59,2025914426139136#2025913542009344#2489613938674688#2001824253843968,https://mms.img.susercontent.com/th-11134505-7rasb-m71mwjvqgcof01,
"=""10212109""",TELL TEA (เทลที กรมหลวงประจักษ์),"=""2463261068837888""",* กาแฟสดเข้มข้น,"=""2476703913102336""",กาแฟสด โอเลี้ยงเฮเซลนัท เย็น 16 ออนซ์,42,แสดงเมนู,พร้อมจำหน่าย,ไม่จำกัด,,,,โอเลี้ยงเฮเซลนัทเย็น – กาแฟดำสไตล์ไทย หอมเข้มข้น ผสานกลิ่นหอมละมุนของเฮเซลนัท ให้รสชาติกลมกล่อม ดื่มง่าย สดชื่น พร้อมสัมผัสความหอมหวานที่ลงตัว,ตลอดทั้งวัน,"=""วันจันทร์,วันอังคาร,วันพุธ,วันพฤหัสบดี,วันศุกร์,วันเสาร์,วันอาทิตย์""",00:00-23:59,2001824253843968#2025913542009344#2025914426139136#2489613938674688,https://mms.img.susercontent.com/th-11134505-7rasm-m75907rpdewlae,
"=""10212109""",TELL TEA (เทลที กรมหลวงประจักษ์),"=""2463261068837888""",* กาแฟสดเข้มข้น,"=""2531306903050240""",กาแฟสด มอคค่า เย็น 16 ออนซ์,60,แสดงเมนู,พร้อมจำหน่าย,ไม่จำกัด,,,,มอคค่าเย็น – กาแฟเอสเปรสโซ่เข้มข้น ผสานกับความหอมหวานของช็อกโกแลต และนมสดเนียนนุ่ม ให้รสชาติที่กลมกล่อม หอมมัน เข้มข้น ดื่มง่าย เหมาะสำหรับคนที่ชอบกาแฟที่มีรสชาติของโกโก้และกาแฟรวมกันอย่างลงตัว,ตลอดทั้งวัน,"=""วันจันทร์,วันอังคาร,วันพุธ,วันพฤหัสบดี,วันศุกร์,วันเสาร์,วันอาทิตย์""",00:00-23:59,2489613938674688#2025913542009344#2001824253843968,https://mms.img.susercontent.com/th-11134505-7ras9-m8oay6csf7k982,
"=""10212109""",TELL TEA (เทลที กรมหลวงประจักษ์),"=""2477436545419776""",* กาแฟสดนมนุ่มละมุน,"=""2463264255804416""",กาแฟสด ลาเต้ เย็น 16 ออนซ์,51,แสดงเมนู,พร้อมจำหน่าย,ไม่จำกัด,,,,นุ่มละมุน หอมกลมกล่อม กับกาแฟเอสเปรสโซ่ที่เข้มข้น ผสานกับนมสดคุณภาพดี เพิ่มความหอมมัน ดื่มง่าย ไม่เข้มจนเกินไป เหมาะสำหรับคนที่ชอบกาแฟที่มีรสนุ่มและครีมมี่,ตลอดทั้งวัน,"=""วันจันทร์,วันอังคาร,วันพุธ,วันพฤหัสบดี,วันศุกร์,วันเสาร์,วันอาทิตย์""",00:00-23:59,2025913542009344#2025914426139136#2489613938674688#2001824253843968,https://mms.img.susercontent.com/th-11134505-7rasm-m6rp64589v3p24,
"=""10212109""",TELL TEA (เทลที กรมหลวงประจักษ์),"=""2477436545419776""",* กาแฟสดนมนุ่มละมุน,"=""2463266156052992""",กาแฟสด คาปูชิโน่ เย็น 16 ออนซ์,51,แสดงเมนู,พร้อมจำหน่าย,ไม่จำกัด,,,,คาปูชิโน่เย็น – กาแฟเอสเปรสโซ่เข้มข้น ผสมกับนมสดและฟองนมนุ่มละมุน เพิ่มความกลมกล่อม หอมมัน ดื่มง่าย ได้รสสัมผัสที่สมดุลระหว่างกาแฟและนม เหมาะสำหรับคนที่ชอบกาแฟที่มีรสชาติชัดเจนแต่ยังคงความนุ่มนวล,ตลอดทั้งวัน,"=""วันจันทร์,วันอังคาร,วันพุธ,วันพฤหัสบดี,วันศุกร์,วันเสาร์,วันอาทิตย์""",00:00-23:59,2025913542009344#2025914426139136#2489613938674688#2001824253843968,https://mms.img.susercontent.com/th-11134505-7rasi-m6rp903xidh104,
"=""10212109""",TELL TEA (เทลที กรมหลวงประจักษ์),"=""2477436545419776""",* กาแฟสดนมนุ่มละมุน,"=""2466134036087296""",กาแฟสด แฟลตไวท์ เย็น 16 ออนซ์,51,แสดงเมนู,พร้อมจำหน่าย,ไม่จำกัด,,,,แฟลตไวท์เย็น – กาแฟเอสเปรสโซ่เข้มข้น ผสมกับนมสดที่มีเนื้อสัมผัสเนียนนุ่ม แต่ใช้นมน้อยกว่าลาเต้ ให้รสชาติของกาแฟเด่นชัดขึ้น ในขณะที่ยังคงความละมุนของนม เหมาะสำหรับคอกาแฟที่ต้องการรสชาติกลมกล่อมแต่เข้มข้นกว่าลาเต้,ตลอดทั้งวัน,"=""วันจันทร์,วันอังคาร,วันพุธ,วันพฤหัสบดี,วันศุกร์,วันเสาร์,วันอาทิตย์""",00:00-23:59,2025913542009344#2025914426139136#2489613938674688#2001824253843968,https://mms.img.susercontent.com/th-11134505-7rase-m6ulbtzcdbef86,
"=""10212109""",TELL TEA (เทลที กรมหลวงประจักษ์),"=""2477436545419776""",* กาแฟสดนมนุ่มละมุน,"=""2471217986505728""",กาแฟสด มอคค่า เย็น 16 ออนซ์,45,แสดงเมนู,พร้อมจำหน่าย,ไม่จำกัด,,,,มอคค่าเย็น – กาแฟเอสเปรสโซ่เข้มข้น ผสานกับความหอมหวานของช็อกโกแลต และนมสดเนียนนุ่ม ให้รสชาติที่กลมกล่อม หอมมัน เข้มข้น ดื่มง่าย เหมาะสำหรับคนที่ชอบกาแฟที่มีรสชาติของโกโก้และกาแฟรวมกันอย่างลงตัว,ตลอดทั้งวัน,"=""วันจันทร์,วันอังคาร,วันพุธ,วันพฤหัสบดี,วันศุกร์,วันเสาร์,วันอาทิตย์""",00:00-23:59,2025913542009344#2025914426139136#2489613938674688#2001824253843968,https://mms.img.susercontent.com/th-11134505-7rasb-m6zpvfn8j1dh0c,
"=""10212109""",TELL TEA (เทลที กรมหลวงประจักษ์),"=""2477436545419776""",* กาแฟสดนมนุ่มละมุน,"=""2471222752218112""",กาแฟสด คาราเมลมัคคิอาโต้ เย็น 16 ออนซ์,55,แสดงเมนู,พร้อมจำหน่าย,ไม่จำกัด,,,,คาราเมลมัคคิอาโต้เย็น – กาแฟเอสเปรสโซ่เข้มข้น ผสมกับนมสดเย็นนุ่มละมุน และราดด้วยซอสคาราเมลหอมหวาน ให้รสชาติที่หอมมัน กลมกล่อม และมีเลเยอร์กาแฟที่ชัดเจน ดื่มง่าย สดชื่น เหมาะสำหรับคนที่ชอบความหอมหวานของคาราเมลผสานกับกาแฟ,ตลอดทั้งวัน,"=""วันจันทร์,วันอังคาร,วันพุธ,วันพฤหัสบดี,วันศุกร์,วันเสาร์,วันอาทิตย์""",00:00-23:59,2025913542009344#2025914426139136#2489613938674688#2001824253843968,https://mms.img.susercontent.com/th-11134505-7rasb-m6zpyk35zdth19,
"=""10212109""",TELL TEA (เทลที กรมหลวงประจักษ์),"=""2477436545419776""",* กาแฟสดนมนุ่มละมุน,"=""2473112192256512""",ช็อกโกแลตมิลค์ เย็น 16 ออนซ์,42,แสดงเมนู,พร้อมจำหน่าย,ไม่จำกัด,,,,ช็อกโกแลตมิลค์เย็น – นมสดหอมมัน ผสมกับช็อกโกแลตเข้มข้น รสชาตินุ่มละมุน หวานกำลังดี ดื่มแล้วสดชื่น เหมาะสำหรับทุกช่วงเวลา,ตลอดทั้งวัน,"=""วันจันทร์,วันอังคาร,วันพุธ,วันพฤหัสบดี,วันศุกร์,วันเสาร์,วันอาทิตย์""",00:00-23:59,2025914426139136#2025913542009344#2489613938674688#2001824253843968,https://mms.img.susercontent.com/th-11134505-7rasf-m71mnecgoteo9c,
"=""10212109""",TELL TEA (เทลที กรมหลวงประจักษ์),"=""2477436545419776""",* กาแฟสดนมนุ่มละมุน,"=""2476707554249216""",กาแฟสด ช็อกโกแลตเอสเปรสโซ่ เย็น 16 ออนซ์,42,แสดงเมนู,พร้อมจำหน่าย,ไม่จำกัด,,,,ช็อกโกแลตเอสเปรสโซ่เย็น – เอสเปรสโซ่เข้มข้น ผสานความเข้มข้นของช็อกโกแลต ให้รสชาติหอมมัน กลมกล่อม ลงตัวระหว่างความขมของกาแฟและความหวานละมุนของช็อกโกแลต สดชื่นทุกแก้ว,ตลอดทั้งวัน,"=""วันจันทร์,วันอังคาร,วันพุธ,วันพฤหัสบดี,วันศุกร์,วันเสาร์,วันอาทิตย์""",00:00-23:59,2001824253843968#2025913542009344#2025914426139136#2489613938674688,https://mms.img.susercontent.com/th-11134505-7rasg-m7594tdl0xkned,
"=""10212109""",TELL TEA (เทลที กรมหลวงประจักษ์),"=""2477436545419776""",* กาแฟสดนมนุ่มละมุน,"=""2476714197240320""",กาแฟสด โอวัลตินช็อตกาแฟ เย็น 16 ออนซ์,42,แสดงเมนู,พร้อมจำหน่าย,ไม่จำกัด,,,,โอวัลตินช็อตกาแฟเย็น – เอสเปรสโซ่เข้มข้น ผสานกับโอวัลตินหอมมัน ให้รสชาติหวานละมุน กลมกล่อม ลงตัวระหว่างความเข้มของกาแฟและความนุ่มของโอวัลติน ดื่มง่าย สดชื่นทุกแก้ว,ตลอดทั้งวัน,"=""วันจันทร์,วันอังคาร,วันพุธ,วันพฤหัสบดี,วันศุกร์,วันเสาร์,วันอาทิตย์""",00:00-23:59,2001824253843968#2025913542009344#2025914426139136#2489613938674688,https://mms.img.susercontent.com/th-11134505-7rasf-m759c04mdhv94a,
"=""10212109""",TELL TEA (เทลที กรมหลวงประจักษ์),"=""2477436712962560""",* กาแฟสดฟิวชันสดชื่น,"=""2476793101568512""",กาแฟสด น้ำผึ้งมะนาว เย็น 16 ออนซ์,42,แสดงเมนู,พร้อมจำหน่าย,ไม่จำกัด,,,,กาแฟสดน้ำผึ้งมะนาวเย็น – เอสเปรสโซ่เข้มข้น ผสานกับความหอมหวานของน้ำผึ้ง และความสดชื่นจากมะนาว เปรี้ยวหวานลงตัว ดื่มแล้วสดชื่น กระปรี้กระเปร่า เหมาะสำหรับวันที่ต้องการความสดใส,ตลอดทั้งวัน,"=""วันจันทร์,วันอังคาร,วันพุธ,วันพฤหัสบดี,วันศุกร์,วันเสาร์,วันอาทิตย์""",00:00-23:59,2001824253843968#2025913542009344#2025914426139136#2489613938674688#2688610151785472,https://mms.img.susercontent.com/th-11134505-7rasm-m75c82wffdvbaa,
"=""10212109""",TELL TEA (เทลที กรมหลวงประจักษ์),"=""2477436712962560""",* กาแฟสดฟิวชันสดชื่น,"=""2478149939087872""",กาแฟสดโซดา เอสเปรสโซ่เสาวรส เย็น 16 ออนซ์,34,แสดงเมนู,พร้อมจำหน่าย,ไม่จำกัด,,,,เอสเปรสโซ่เสาวรสโซดาเย็น – เอสเปรสโซ่เข้มข้น ผสานกับความเปรี้ยวหวานของเสาวรส เติมความซ่าจากโซดา ให้รสชาติสดชื่น มีความหอมเป็นเอกลักษณ์ ดื่มแล้วกระปรี้กระเปร่า สดใสทุกแก้ว,ตลอดทั้งวัน,"=""วันจันทร์,วันอังคาร,วันพุธ,วันพฤหัสบดี,วันศุกร์,วันเสาร์,วันอาทิตย์""",00:00-23:59,2001824253843968#2025913542009344#2025914426139136#2489613938674688,https://mms.img.susercontent.com/th-11134505-7ras8-m76phvil043955,
"=""10212109""",TELL TEA (เทลที กรมหลวงประจักษ์),"=""2466144586613248""",* กาแฟสด อื่นๆ ร้อน,"=""2466156880004096""",กาแฟสด อเมริกาโน่ (Americano) ร้อน 12 ออนซ์,34,แสดงเมนู,พร้อมจำหน่าย,ไม่จำกัด,,,,อเมริกาโน่ร้อน – กาแฟดำรสเข้มข้นจากเอสเปรสโซ่ ผสมกับน้ำร้อน เพื่อให้ได้รสชาตินุ่มนวลขึ้นแต่ยังคงความเข้มข้นของกาแฟ เหมาะสำหรับคอกาแฟที่ต้องการความหอมอุ่น สดชื่น และพลังงานในทุกวัน,ตลอดทั้งวัน,"=""วันจันทร์,วันอังคาร,วันพุธ,วันพฤหัสบดี,วันศุกร์,วันเสาร์,วันอาทิตย์""",00:00-23:59,2025913542009344#2489613938674688,https://mms.img.susercontent.com/th-11134505-7ras8-m6um63w5f01j4a,
"=""10212109""",TELL TEA (เทลที กรมหลวงประจักษ์),"=""2466144586613248""",* กาแฟสด อื่นๆ ร้อน,"=""2466162749407744""",กาแฟสด Espresso (เอสเปรสโซ่) ร้อน 12 ออนซ์,42,แสดงเมนู,พร้อมจำหน่าย,ไม่จำกัด,,,,เอสเปรสโซ่ร้อน – กาแฟที่เข้มข้นที่สุด ด้วยการสกัดจากเมล็ดกาแฟแท้ ให้รสชาติขมเข้ม หอมลึก และมีครีม่านุ่มด้านบน เหมาะสำหรับคอกาแฟที่ต้องการพลังงานและความสดชื่นในช็อตเดียว,ตลอดทั้งวัน,"=""วันจันทร์,วันอังคาร,วันพุธ,วันพฤหัสบดี,วันศุกร์,วันเสาร์,วันอาทิตย์""",00:00-23:59,2025913542009344#2489613938674688,https://mms.img.susercontent.com/th-11134505-7rasd-m6umdno3pddj8a,
"=""10212109""",TELL TEA (เทลที กรมหลวงประจักษ์),"=""2466144586613248""",* กาแฟสด อื่นๆ ร้อน,"=""2466170085344256""",กาแฟสด ลาเต้ (Latte) ร้อน 12 ออนซ์,42,แสดงเมนู,พร้อมจำหน่าย,ไม่จำกัด,,,,ลาเต้ร้อน – กาแฟเอสเปรสโซ่เข้มข้น ผสานกับนมสตีมเนียนนุ่ม และฟองนมบางเบา ให้รสชาติหอมละมุน ดื่มง่าย กลมกล่อม เหมาะสำหรับคนที่ชอบกาแฟรสชาตินุ่มนวลและหอมมันของนม,ตลอดทั้งวัน,"=""วันจันทร์,วันอังคาร,วันพุธ,วันพฤหัสบดี,วันศุกร์,วันเสาร์,วันอาทิตย์""",00:00-23:59,2025913542009344#2489613938674688,https://mms.img.susercontent.com/th-11134505-7rasj-m6umngfxgpf9d8,
"=""10212109""",TELL TEA (เทลที กรมหลวงประจักษ์),"=""2466144586613248""",* กาแฟสด อื่นๆ ร้อน,"=""2466182941787136""",กาแฟสด Cappuccino (คาปูชิโน่) ร้อน 12 ออนซ์,42,แสดงเมนู,พร้อมจำหน่าย,ไม่จำกัด,,,,คาปูชิโน่ร้อน – กาแฟเอสเปรสโซ่เข้มข้น ผสมกับนมสตีมเนียนนุ่ม และฟองนมหนานุ่ม ให้รสชาติกลมกล่อมลงตัว พร้อมสัมผัสของฟองนมที่นุ่มละมุน เหมาะสำหรับคอกาแฟที่ชื่นชอบความเข้มข้นของกาแฟและความละมุนของฟองนม,ตลอดทั้งวัน,"=""วันจันทร์,วันอังคาร,วันพุธ,วันพฤหัสบดี,วันศุกร์,วันเสาร์,วันอาทิตย์""",00:00-23:59,2025913542009344#2489613938674688,https://mms.img.susercontent.com/th-11134505-7ras8-m6un46whu46t28,
"=""10212109""",TELL TEA (เทลที กรมหลวงประจักษ์),"=""2466144586613248""",* กาแฟสด อื่นๆ ร้อน,"=""2476745102904320""",กาแฟสด มอคค่า ร้อน 12 ออนซ์,42,แสดงเมนู,พร้อมจำหน่าย,ไม่จำกัด,,,,มอคค่าร้อน – เอสเปรสโซ่เข้มข้น ผสานกับช็อกโกแลตหอมละมุน และนมสดเนียนนุ่ม ให้รสชาติกลมกล่อม ขมหวานลงตัว อุ่นใจในทุกแก้ว,ตลอดทั้งวัน,"=""วันจันทร์,วันอังคาร,วันพุธ,วันพฤหัสบดี,วันศุกร์,วันเสาร์,วันอาทิตย์""",00:00-23:59,2025913542009344#2489613938674688,https://mms.img.susercontent.com/th-11134505-7rask-m75ahos2cq7pdb,
"=""10212109""",TELL TEA (เทลที กรมหลวงประจักษ์),"=""2466144586613248""",* กาแฟสด อื่นๆ ร้อน,"=""2481063311002624""",นมร้อน 12 ออนซ์,26,แสดงเมนู,พร้อมจำหน่าย,ไม่จำกัด,,,,นมร้อน – นมสดแท้ หอมมัน อุ่นกำลังดี เนื้อเนียนนุ่ม ให้ความรู้สึกละมุนและอบอุ่น ดื่มง่าย เหมาะสำหรับทุกวัยและทุกช่วงเวลา,ตลอดทั้งวัน,"=""วันจันทร์,วันอังคาร,วันพุธ,วันพฤหัสบดี,วันศุกร์,วันเสาร์,วันอาทิตย์""",00:00-23:59,2025913542009344#2489613938674688,https://mms.img.susercontent.com/th-11134505-7rasj-m79n8nhpqo8g57,
"=""10212109""",TELL TEA (เทลที กรมหลวงประจักษ์),"=""2466144586613248""",* กาแฟสด อื่นๆ ร้อน,"=""2481065432648704""",กาแฟสด คาราเมลลาเต้ร้อน 12 ออนซ์,51,แสดงเมนู,พร้อมจำหน่าย,ไม่จำกัด,,,,คาราเมลลาเต้ร้อน – เอสเปรสโซ่เข้มข้น ผสานกับนมสดอุ่นเนียนนุ่ม และคาราเมลหอมหวาน ให้รสชาติกลมกล่อม นุ่มละมุน อบอุ่นทุกสัมผัส เหมาะสำหรับการเริ่มต้นวันใหม่หรือช่วงเวลาผ่อนคลาย,ตลอดทั้งวัน,"=""วันจันทร์,วันอังคาร,วันพุธ,วันพฤหัสบดี,วันศุกร์,วันเสาร์,วันอาทิตย์""",00:00-23:59,2025913542009344#2489613938674688,https://mms.img.susercontent.com/th-11134505-7rasa-m79nbr0mjasj19,
"=""10212109""",TELL TEA (เทลที กรมหลวงประจักษ์),"=""2534734342952960""",ท็อปปิ้ง,"=""2534735346358272""",เจลลี่ผลไม้,7,แสดงเมนู,พร้อมจำหน่าย,ไม่จำกัด,,,,"ท็อปปิ้งเนื้อหนึบ หอมหวานธรรมชาติ เคี้ยวสนุก เพิ่มมิติให้ทุกเมนูเครื่องดื่ม โดยเฉพาะชาใสหรือโซดา
เหมาะสำหรับลูกค้าที่ชอบเนื้อสัมผัสและรสผลไม้อ่อน ๆ ในแก้วเดียว",ตลอดทั้งวัน,"=""วันจันทร์,วันอังคาร,วันพุธ,วันพฤหัสบดี,วันศุกร์,วันเสาร์,วันอาทิตย์""",00:00-23:59,,https://mms.img.susercontent.com/th-11134505-7rasf-m8rreswjmy5c1c,
"=""10212109""",TELL TEA (เทลที กรมหลวงประจักษ์),"=""2534734342952960""",ท็อปปิ้ง,"=""2534736407303680""",ไข่มุก,7,แสดงเมนู,พร้อมจำหน่าย,ไม่จำกัด,,,,"ไข่มุก
เนื้อเหนียวนุ่ม เคี้ยวหนึบสไตล์ต้นตำรับ เพิ่มความกลมกล่อมให้ชานมและเครื่องดื่มทุกแก้ว",ตลอดทั้งวัน,"=""วันจันทร์,วันอังคาร,วันพุธ,วันพฤหัสบดี,วันศุกร์,วันเสาร์,วันอาทิตย์""",00:00-23:59,,https://mms.img.susercontent.com/th-11134505-7rash-m8rrgjx3f5e164,
"=""10212109""",TELL TEA (เทลที กรมหลวงประจักษ์),"=""2534734342952960""",ท็อปปิ้ง,"=""2579384402156544""",เฉาก๊วยหนึบเนื้อแน่น,13,แสดงเมนู,พร้อมจำหน่าย,ไม่จำกัด,,,,เฉาก๊วยหนึบเนื้อแน่นเคี้ยวเพลิน หอมหนึบ เคี้ยวสนุกไม่เหมือนใคร,ตลอดทั้งวัน,"=""วันจันทร์,วันอังคาร,วันพุธ,วันพฤหัสบดี,วันศุกร์,วันเสาร์,วันอาทิตย์""",00:00-23:59,,https://mms.img.susercontent.com/th-11134505-7rasm-ma0s2xhbarmo5d,
"=""10212109""",TELL TEA (เทลที กรมหลวงประจักษ์),"=""2534734342952960""",ท็อปปิ้ง,"=""2534737451636736""",บุกบราวน์ชูการ์,13,แสดงเมนู,พร้อมจำหน่าย,ไม่จำกัด,,,,"บุกบราวน์ชูการ์
สัมผัสนุ่มเด้ง หอมหวานน้ำตาลทรายแดงแบบละมุนไม่เลี่ยน เพิ่มความพิเศษให้เครื่องดื่มโดยไม่เพิ่มน้ำตาลเกินจำเป็น",ตลอดทั้งวัน,"=""วันจันทร์,วันอังคาร,วันพุธ,วันพฤหัสบดี,วันศุกร์,วันเสาร์,วันอาทิตย์""",00:00-23:59,,https://mms.img.susercontent.com/th-11134505-7rash-m8rrhqncw3f31f,
"=""10212109""",TELL TEA (เทลที กรมหลวงประจักษ์),"=""2534734342952960""",ท็อปปิ้ง,"=""2534738596206080""",บุกน้ำผึ้ง,13,แสดงเมนู,พร้อมจำหน่าย,ไม่จำกัด,,,,"บุกน้ำผึ้ง
เนื้อบุกนุ่มหนึบ กลิ่นหอมน้ำผึ้งธรรมชาติ ให้รสหวานกลมกล่อมแบบเบาๆ เพิ่มความละมุนให้ทุกเมนูโดยไม่หนักเกินไป",ตลอดทั้งวัน,"=""วันจันทร์,วันอังคาร,วันพุธ,วันพฤหัสบดี,วันศุกร์,วันเสาร์,วันอาทิตย์""",00:00-23:59,,https://mms.img.susercontent.com/th-11134505-7rasm-m8rrj8urkg27c2,
"=""10212109""",TELL TEA (เทลที กรมหลวงประจักษ์),"=""2534734342952960""",ท็อปปิ้ง,"=""2534740326356480""",บุกน้ำตาล,13,แสดงเมนู,พร้อมจำหน่าย,ไม่จำกัด,,,,"บุกน้ำตาล
เนื้อบุกหนึบแน่น เคลือบน้ำตาลหอมหวานพอดี เคี้ยวสนุก เพิ่มความกลมกล่อมให้เครื่องดื่มแบบคลาสสิก",ตลอดทั้งวัน,"=""วันจันทร์,วันอังคาร,วันพุธ,วันพฤหัสบดี,วันศุกร์,วันเสาร์,วันอาทิตย์""",00:00-23:59,,https://mms.img.susercontent.com/th-11134505-7rase-m8rrlewncikpab,
"=""10212109""",TELL TEA (เทลที กรมหลวงประจักษ์),"=""2534734342952960""",ท็อปปิ้ง,"=""2534742297892864""",ซอสบราวน์ชูการ์,21,แสดงเมนู,พร้อมจำหน่าย,ไม่จำกัด,,,,"ซอสบราวน์ชูการ์
ซอสน้ำตาลทรายแดงหอมเข้ม เคี่ยวจนได้รสหวานละมุนและกลิ่นไหม้นิดๆ สไตล์บราวน์ชูการ์ เพิ่มกลิ่นและรสให้แก้วดูพรีเมียมขึ้นทันที",ตลอดทั้งวัน,"=""วันจันทร์,วันอังคาร,วันพุธ,วันพฤหัสบดี,วันศุกร์,วันเสาร์,วันอาทิตย์""",00:00-23:59,,https://mms.img.susercontent.com/th-11134505-7rasi-m8rrnsknzfpr17,
"=""10212109""",TELL TEA (เทลที กรมหลวงประจักษ์),"=""2534734342952960""",ท็อปปิ้ง,"=""2534742989493760""",ครีมซีส,30,แสดงเมนู,พร้อมจำหน่าย,ไม่จำกัด,,,,"ครีมชีส
ท็อปปิ้งเนื้อครีมข้น รสเค็มมันละมุน ตัดรสกับชาและโกโก้ได้ลงตัว เพิ่มความกลมกล่อมแบบพรีเมียมให้ทุกแก้ว",ตลอดทั้งวัน,"=""วันจันทร์,วันอังคาร,วันพุธ,วันพฤหัสบดี,วันศุกร์,วันเสาร์,วันอาทิตย์""",00:00-23:59,,https://mms.img.susercontent.com/th-11134505-7ras8-m8rrq22uplxr8a,
"=""10212109""",TELL TEA (เทลที กรมหลวงประจักษ์),"=""2534734342952960""",ท็อปปิ้ง,"=""2610668571040256""",วุ้นกบไต้หวัน,8,แสดงเมนู,พร้อมจำหน่าย,ไม่จำกัด,,,,"วุ้นไต้หวันน้ำผึ้ง
เนื้อเด้ง นุ่ม สดชื่น หอมละมุนด้วยน้ำผึ้งแท้ แคลต่ำ กินแล้วเบา สายสุขภาพห้ามพลาด",ตลอดทั้งวัน,"=""วันจันทร์,วันอังคาร,วันพุธ,วันพฤหัสบดี,วันศุกร์,วันเสาร์,วันอาทิตย์""",00:00-23:59,,https://mms.img.susercontent.com/th-11134505-7rasc-mawbmoff2t1092,
"=""10212109""",TELL TEA (เทลที กรมหลวงประจักษ์),"=""2534734342952960""",ท็อปปิ้ง,"=""2610676942985728""",วุ้นว่านหางจระเข้ หั่นลูกเต๋า,21,แสดงเมนู,พร้อมจำหน่าย,ไม่จำกัด,,,,"อโลเวร่าองุ่นขาว
วุ้นว่านหางจระเข้เนื้อนุ่ม หั่นเต๋าเคี้ยวหนึบ หอมองุ่นอ่อน ๆ หวานน้อย สดชื่น กินง่าย เพิ่มสัมผัสเบา ๆ ให้เครื่องดื่มทุกแก้ว",ตลอดทั้งวัน,"=""วันจันทร์,วันอังคาร,วันพุธ,วันพฤหัสบดี,วันศุกร์,วันเสาร์,วันอาทิตย์""",00:00-23:59,,https://mms.img.susercontent.com/th-11134505-7rase-mawbwuipch3kcd,
"=""10212109""",TELL TEA (เทลที กรมหลวงประจักษ์),"=""3151642686208000""",น้ำเปล่า
