category,name,code,price,deliveryPrice,deliveryDiff,active,visibleOnPos,updatedAt,id
0% แคล ชาเพื่อสุขภาพ,0% แคล ชาแคนตาลูป,,25,37,true,true,true,2026-07-22T16:20:59.570Z,fs_item_41638745
0% แคล ชาเพื่อสุขภาพ,0% แคล ชาน้ำผึ้ง,,25,37,true,true,true,2026-07-22T16:22:06.155Z,fs_item_41608489
0% แคล ชาเพื่อสุขภาพ,0% แคล ชาน้ำผึ้งมะนาว,,25,37,true,true,true,2026-07-22T16:22:06.155Z,fs_item_41608527
0% แคล ชาเพื่อสุขภาพ,0% แคล ชาพีช,,25,37,true,true,true,2026-07-22T16:20:59.570Z,fs_item_41608475
0% แคล ชาเพื่อสุขภาพ,0% แคล ชาฟรุตพันช์,,25,37,true,true,true,2026-07-22T16:20:59.571Z,fs_item_41638755
0% แคล ชาเพื่อสุขภาพ,0% แคล ชามะลิ,,25,37,true,true,true,2026-07-22T16:20:59.571Z,fs_item_41638761
0% แคล ชาเพื่อสุขภาพ,0% แคล ชาลิ้นจี่,,25,37,true,true,true,2026-07-22T16:20:59.571Z,fs_item_41589715
0% แคล ชาเพื่อสุขภาพ,0% แคล ชาสละ,,25,37,true,true,true,2026-07-22T16:20:59.571Z,fs_item_41589746
0% แคล ชาเพื่อสุขภาพ,0% แคล ชาองุ่น,,25,37,true,true,true,2026-07-22T16:20:59.571Z,fs_item_41589757
0% แคล โซดาซ่าเพื่อสุขภาพ,0% แคล โซดาแคนตาลูป,,25,37,true,true,true,2026-07-22T16:20:59.571Z,fs_item_41655205
0% แคล โซดาซ่าเพื่อสุขภาพ,0% แคล โซดาน้ำผึ้ง,,25,37,true,true,true,2026-07-22T16:22:06.155Z,fs_item_41638870
0% แคล โซดาซ่าเพื่อสุขภาพ,0% แคล โซดาน้ำผึ้งมะนาว,,25,37,true,true,true,2026-07-22T16:22:06.155Z,fs_item_41638888
0% แคล โซดาซ่าเพื่อสุขภาพ,0% แคล โซดาพีช,,25,37,true,true,true,2026-07-22T16:20:59.571Z,fs_item_41655229
0% แคล โซดาซ่าเพื่อสุขภาพ,0% แคล โซดาฟรุตพันช์,,25,37,true,true,true,2026-07-22T16:20:59.571Z,fs_item_41655299
0% แคล โซดาซ่าเพื่อสุขภาพ,0% แคล โซดาลิ้นจี่,,25,37,true,true,true,2026-07-22T16:20:59.571Z,fs_item_41638847
0% แคล โซดาซ่าเพื่อสุขภาพ,0% แคล โซดาองุ่น,,25,37,true,true,true,2026-07-22T16:20:59.571Z,fs_item_41638902
0% แคล โซดาซ่าเพื่อสุขภาพ,0% โคล่าโซดา,,25,37,true,true,true,2026-07-22T16:20:59.571Z,fs_item_41836328
0% แคล โซดาซ่าเพื่อสุขภาพ,0% โคล่าโซดามะนาว,,25,37,true,true,true,2026-07-22T16:20:59.571Z,fs_item_41836317
"กาแฟ (เย็น, ปั่น)",โกปี๊ โบราณ (เย็น/ปั่น),,29,43,true,true,true,2026-07-22T16:20:59.571Z,fs_item_33559284
"กาแฟ (เย็น, ปั่น)",โกปี๊ ยกล้อ (ใส่นม) (เย็น/ปั่น),,29,43,true,true,true,2026-07-22T16:20:59.571Z,fs_item_33559267
"กาแฟ (เย็น, ปั่น)",โกปี๊อ้อ (โอเลี้ยง) (เย็น/ปั่น),,25,37,true,true,true,2026-07-22T16:20:59.571Z,fs_item_33559287
"กาแฟ (เย็น, ปั่น)",เนสกาแฟ (เย็น/ปั่น),,29,43,true,true,true,2026-07-22T16:20:59.572Z,fs_item_33559283
"กาแฟ (เย็น, ปั่น)",มอคค่า (เย็น/ปั่น),,35,52,true,true,true,2026-07-22T16:20:59.572Z,fs_item_33559282
"กาแฟ (เย็น, ปั่น)",ลาเต้ (เย็น/ปั่น),,35,52,true,true,true,2026-07-22T16:20:59.572Z,fs_item_33559281
* กาแฟสดเข้มข้น,กาแฟสด กาแฟโบราณ เย็น 16 ออนซ์,,35,52,true,true,true,2026-07-22T17:01:53.947Z,fs_item_41411740
* กาแฟสดเข้มข้น,กาแฟสด ลองแบล็ค เย็น 16 ออนซ์,,35,52,true,true,true,2026-07-22T17:01:53.947Z,fs_item_41321144
* กาแฟสดเข้มข้น,กาแฟสด อเมริกาโน่ เย็น 16 ออนซ์,,35,52,true,true,true,2026-07-22T17:01:53.947Z,fs_item_41276630
* กาแฟสดเข้มข้น,กาแฟสด เอสเปรสโซ่ เย็น 16 ออนซ์,,39,58,true,true,true,2026-07-22T17:01:53.947Z,fs_item_41277766
* กาแฟสดเข้มข้น,กาแฟสด โอเลี้ยง เย็น 16 ออนซ์,,35,52,true,true,true,2026-07-22T17:01:53.947Z,fs_item_41411727
* กาแฟสดเข้มข้น,กาแฟสด โอเลี้ยงเฮเซลนัท เย็น 16 ออนซ์,,35,52,true,true,true,2026-07-22T17:01:53.947Z,fs_item_41456560
* กาแฟสดนมนุ่มละมุน,กาแฟสด คาปูชิโน่ เย็น 16 ออนซ์,,39,58,true,true,true,2026-07-22T16:20:59.571Z,fs_item_41279794
* กาแฟสดนมนุ่มละมุน,กาแฟสด คาราเมลมัคคิอาโต้ เย็น 16 ออนซ์,,45,67,true,true,true,2026-07-22T16:20:59.571Z,fs_item_41391590
* กาแฟสดนมนุ่มละมุน,กาแฟสด ช็อกโกแลตเอสเปรสโซ่ เย็น 16 ออนซ์,,35,52,true,true,true,2026-07-22T16:20:59.571Z,fs_item_41456583
* กาแฟสดนมนุ่มละมุน,กาแฟสด แฟลตไวท์ เย็น 16 ออนซ์,,39,58,true,true,true,2026-07-22T16:20:59.571Z,fs_item_41321223
* กาแฟสดนมนุ่มละมุน,กาแฟสด มอคค่า เย็น 16 ออนซ์,,39,58,true,true,true,2026-07-22T16:20:59.571Z,fs_item_41391572
* กาแฟสดนมนุ่มละมุน,กาแฟสด ไมโลกาแฟ เย็น 16 ออนซ์,,35,52,true,true,true,2026-07-22T16:20:59.571Z,fs_item_41456676
* กาแฟสดนมนุ่มละมุน,กาแฟสด ลาเต้ เย็น 16 ออนซ์,,39,58,true,true,true,2026-07-22T16:20:59.571Z,fs_item_41277718
* กาแฟสดนมนุ่มละมุน,กาแฟสด เอสเปรสโซ่ไทยสไตล์ เย็น 16 ออนซ์,,35,52,true,true,true,2026-07-22T16:20:59.571Z,fs_item_41391600
* กาแฟสดนมนุ่มละมุน,กาแฟสด โอวัลตินช็อตกาแฟ เย็น 16 ออนซ์,,35,52,true,true,true,2026-07-22T16:20:59.571Z,fs_item_41457162
* กาแฟสดนมนุ่มละมุน,ช็อกโกแลตมิลค์ เย็น 16 ออนซ์,,35,52,true,true,true,2026-07-22T16:20:59.571Z,fs_item_41411718
* กาแฟสดฟิวชันสดชื่น,กาแฟสดโซดา เอสเปรสโซ่บลูฮาวาย เย็น 16 ออนซ์,,29,43,true,true,true,2026-07-22T16:20:59.571Z,fs_item_41486377
* กาแฟสดฟิวชันสดชื่น,กาแฟสดโซดา เอสเปรสโซ่บ๊วย เย็น 16 ออนซ์,,29,43,true,true,true,2026-07-22T16:20:59.571Z,fs_item_41486436
* กาแฟสดฟิวชันสดชื่น,กาแฟสดโซดา เอสเปรสโซ่มะม่วง เย็น 16 ออนซ์,,29,43,true,true,true,2026-07-22T16:20:59.571Z,fs_item_41486445
* กาแฟสดฟิวชันสดชื่น,กาแฟสดโซดา เอสเปรสโซ่ลิ้นจี่ เย็น 16 ออนซ์,,29,43,true,true,true,2026-07-22T16:20:59.571Z,fs_item_41486430
* กาแฟสดฟิวชันสดชื่น,กาแฟสดโซดา เอสเปรสโซ่เสาวรส เย็น 16 ออนซ์,,29,43,true,true,true,2026-07-22T16:20:59.571Z,fs_item_41486422
* กาแฟสดฟิวชันสดชื่น,กาแฟสด น้ำผึ้งมะนาว เย็น 16 ออนซ์,,35,52,true,true,true,2026-07-22T16:22:06.155Z,fs_item_41466326
* กาแฟสดฟิวชันสดชื่น,กาแฟสด บลูฮาวายเอสเปรสโซ่ เย็น 16 ออนซ์,,29,43,true,true,true,2026-07-22T16:20:59.571Z,fs_item_41444782
* กาแฟสดฟิวชันสดชื่น,กาแฟสด บ๊วยเอสเปรสโซ่ เย็น 16 ออนซ์,,29,43,true,true,true,2026-07-22T16:20:59.571Z,fs_item_41444824
* กาแฟสดฟิวชันสดชื่น,กาแฟสด บุกบราวน์ชูการ์ เย็น 16 ออนซ์,,35,52,true,true,true,2026-07-22T16:20:59.571Z,fs_item_41467100
* กาแฟสดฟิวชันสดชื่น,กาแฟสด เสาวรสเอสเปรสโซ่ เย็น 16 ออนซ์,,29,43,true,true,true,2026-07-22T16:20:59.571Z,fs_item_41444851
* กาแฟสด อื่นๆ ร้อน,กาแฟสด โกโก้มอคค่าร้อน,,35,52,true,true,true,2026-07-22T16:20:59.571Z,fs_item_41574391
* กาแฟสด อื่นๆ ร้อน,กาแฟสด คาราเมลลาเต้ร้อน 12 ออนซ์,,39,58,true,true,true,2026-07-22T16:20:59.571Z,fs_item_41574254
* กาแฟสด อื่นๆ ร้อน,กาแฟสด เผือกลาเต้ร้อน,,35,52,true,true,true,2026-07-22T16:20:59.571Z,fs_item_41574401
* กาแฟสด อื่นๆ ร้อน,กาแฟสด มอคค่ามิ้นต์ร้อน,,39,58,true,true,true,2026-07-22T16:20:59.571Z,fs_item_41574397
* กาแฟสด อื่นๆ ร้อน,กาแฟสด มอคค่า ร้อน 12 ออนซ์,,35,52,true,true,true,2026-07-22T16:20:59.571Z,fs_item_41460373
* กาแฟสด อื่นๆ ร้อน,กาแฟสด ลาเต้ (Latte) ร้อน 12 ออนซ์,,35,52,true,true,true,2026-07-22T16:20:59.571Z,fs_item_41321986
* กาแฟสด อื่นๆ ร้อน,กาแฟสด อเมริกาโน่ (Americano) ร้อน 12 ออนซ์,,29,43,true,true,true,2026-07-22T16:20:59.571Z,fs_item_41321830
* กาแฟสด อื่นๆ ร้อน,กาแฟสด โอวัลตินเอสเปรสโซ่ร้อน,,39,58,true,true,true,2026-07-22T16:20:59.571Z,fs_item_41574263
* กาแฟสด อื่นๆ ร้อน,กาแฟสด เฮเซลนัทมอคค่าร้อน 12 ออนซ์,,39,58,true,true,true,2026-07-22T16:20:59.571Z,fs_item_41574255
* กาแฟสด อื่นๆ ร้อน,กาแฟสด Cappuccino (คาปูชิโน่) ร้อน 12 ออนซ์,,35,52,true,true,true,2026-07-22T16:20:59.571Z,fs_item_41322135
* กาแฟสด อื่นๆ ร้อน,กาแฟสด Caramel Macchiato (คาราเมลมัคคิอาโต้) ร้อน 12 ออนซ์,,39,58,true,true,true,2026-07-22T16:20:59.571Z,fs_item_41331368
* กาแฟสด อื่นๆ ร้อน,กาแฟสด Espresso (เอสเปรสโซ่) ร้อน 12 ออนซ์,,35,52,true,true,true,2026-07-22T16:20:59.571Z,fs_item_41321907
* กาแฟสด อื่นๆ ร้อน,กาแฟสด Flat White (แฟลตไวท์) ร้อน 12 ออนซ์,,35,52,true,true,true,2026-07-22T16:20:59.571Z,fs_item_41322288
* กาแฟสด อื่นๆ ร้อน,กาแฟสด Long Black (ลองแบล็ค) ร้อน 12 ออนซ์,,29,43,true,true,true,2026-07-22T16:20:59.571Z,fs_item_41322247
* กาแฟสด อื่นๆ ร้อน,ช็อกโกแลตมิลค์ร้อน 12 ออนซ์,,29,43,true,true,true,2026-07-22T16:20:59.571Z,fs_item_41574246
* กาแฟสด อื่นๆ ร้อน,นมร้อน 12 ออนซ์,,25,37,true,true,true,2026-07-22T16:20:59.572Z,fs_item_41574233
ชา,ชาเขียวมะลิ,,25,37,true,true,true,2026-07-22T16:20:59.571Z,fs_item_33559279
ชา,ชาดำเย็น,,25,37,true,true,true,2026-07-22T16:22:06.155Z,fs_item_33559312
ชา,ชาบลูเบอร์รี่,,25,37,true,true,true,2026-07-22T16:20:59.571Z,fs_item_33559276
ชา,ชามะนาว,,29,43,true,true,true,2026-07-22T16:20:59.571Z,fs_item_33559272
ชา,ชาลิ้นจี่,,25,37,true,true,true,2026-07-22T16:20:59.571Z,fs_item_33559329
ชา,ชาสตรอว์เบอร์รี,,25,37,true,true,true,2026-07-22T16:20:59.571Z,fs_item_33559278
ชา,ชาเสาวรส,,25,37,true,true,true,2026-07-22T16:20:59.571Z,fs_item_33559277
ชา,ชาอู่หลงน้ำผึ้ง,,29,43,true,true,true,2026-07-22T16:22:06.155Z,fs_item_44722825
ชา,ชาอู่หลงน้ำผึ้งมะนาว,,29,43,true,true,true,2026-07-22T16:22:06.155Z,fs_item_44722799
ชา,ชาอู่หลงเย็น,,25,37,true,true,true,2026-07-22T16:20:59.571Z,fs_item_44722774
ชา,ชาแอปเปิ้ล,,25,37,true,true,true,2026-07-22T16:20:59.571Z,fs_item_33559331
"ชานม (เย็น, ปั่น)",ชาไทยมันม่วง,,45,67,true,true,true,2026-07-22T16:20:59.571Z,fs_item_43577153
"ชานม (เย็น, ปั่น)",ชาไทย (เย็น/ปั่น),,29,43,true,true,true,2026-07-22T16:20:59.571Z,fs_item_33559280
"ชานม (เย็น, ปั่น)",ชานมกาแฟ (เย็น/ปั่น),,29,43,true,true,true,2026-07-22T16:20:59.571Z,fs_item_33559338
"ชานม (เย็น, ปั่น)",ชานมคาราเมล (เย็น/ปั่น),,35,52,true,true,true,2026-07-22T16:20:59.571Z,fs_item_33559271
"ชานม (เย็น, ปั่น)",ชานมใต้หวัน (เย็น/ปั่น),,25,37,true,true,true,2026-07-22T16:20:59.571Z,fs_item_33559327
"ชานม (เย็น, ปั่น)",ชานมเผือก (เย็น/ปั่น),,35,52,true,true,true,2026-07-22T16:20:59.571Z,fs_item_33559268
"ชานม (เย็น, ปั่น)",ชานมมันม่วง,,45,67,true,true,true,2026-07-22T16:20:59.571Z,fs_item_43577260
"ชานม (เย็น, ปั่น)",ชานมมิ้นต์ (เย็น/ปั่น),,35,52,true,true,true,2026-07-22T16:20:59.571Z,fs_item_33559270
"ชานม (เย็น, ปั่น)",ชานมเฮเซลนัท (เย็น/ปั่น),,35,52,true,true,true,2026-07-22T16:20:59.571Z,fs_item_33559269
"ชานมสดคราฟต์ (เย็น, ปั่น)",ชาจัสมินฝูเจี้ยน (เย็น/ปั่น) 16 oz,,35,52,true,true,true,2026-07-22T16:20:59.571Z,fs_item_47068210
ชาผลไม้,ชาผลไม้รวม,,45,67,true,true,true,2026-07-22T16:20:59.571Z,fs_item_33768547
ชาผลไม้,ชาพีช,,45,67,true,true,true,2026-07-22T16:20:59.571Z,fs_item_33768707
ชาผลไม้,ชาพีชส้มยูสุ,,55,82,true,true,true,2026-07-22T16:20:59.571Z,fs_item_33768729
ชาผลไม้,ชามิกซ์เบอร์รี่,,45,67,true,true,true,2026-07-22T16:20:59.571Z,fs_item_33752414
ชาผลไม้,ชาส้มยูสุ,,45,67,true,true,true,2026-07-22T16:20:59.571Z,fs_item_33768723
ทัอปปิ้ง,ไข่มุก,,7,11,true,true,true,2026-07-22T16:20:59.571Z,fs_item_33559325
ทัอปปิ้ง,ครีมซีส,,25,37,true,true,true,2026-07-22T16:20:59.571Z,fs_item_33559274
ทัอปปิ้ง,เจลลี่ผลไม้,,7,11,true,true,true,2026-07-22T16:20:59.571Z,fs_item_33559324
ทัอปปิ้ง,เฉาก๊วยหนึบเนื้อแน่น,,12,18,true,true,true,2026-07-22T16:20:59.571Z,fs_item_42692654
ทัอปปิ้ง,ซอสบราวน์ชูการ์,,17,26,true,true,true,2026-07-22T16:20:59.571Z,fs_item_33559311
ทัอปปิ้ง,บุกน้ำตาล,,12,18,true,true,true,2026-07-22T16:22:06.156Z,fs_item_33559323
ทัอปปิ้ง,บุกน้ำผึ้ง,,12,18,true,true,true,2026-07-22T16:22:06.156Z,fs_item_33559321
ทัอปปิ้ง,บุกบราวน์ชูการ์,,12,18,true,true,true,2026-07-22T16:20:59.572Z,fs_item_33559322
ทัอปปิ้ง,วุ้นกบไต้หวัน,,7,11,true,true,true,2026-07-22T16:20:59.572Z,fs_item_43051427
ทัอปปิ้ง,วุ้นว่านหางจระเข้ หั่นลูกเต๋า,,17,26,true,true,true,2026-07-22T16:20:59.572Z,fs_item_43052296
"นม (เย็น, ปั่น)",นมชมพู (เย็น/ปั่น),,35,52,true,true,true,2026-07-22T16:20:59.572Z,fs_item_33559303
"นม (เย็น, ปั่น)",นมมรกต (เย็น/ปั่น),,35,52,true,true,true,2026-07-22T16:20:59.572Z,fs_item_33559304
"นม (เย็น, ปั่น)",นมสดไข่มุกบราวน์ชูการ์ (เย็น/ปั่น),,49,73,true,true,true,2026-07-22T16:20:59.572Z,fs_item_33559301
"นม (เย็น, ปั่น)",นมสดคาราเมล (เย็น/ปั่น),,39,58,true,true,true,2026-07-22T16:20:59.572Z,fs_item_33559306
"นม (เย็น, ปั่น)",นมสดน้ำผึ้ง (เย็น/ปั่น),,39,58,true,true,true,2026-07-22T16:22:06.155Z,fs_item_33559332
"นม (เย็น, ปั่น)",นมสดเผือก (เย็น/ปั่น),,39,58,true,true,true,2026-07-22T16:20:59.572Z,fs_item_33559295
"นม (เย็น, ปั่น)",นมสดมันม่วง,,45,67,true,true,true,2026-07-22T16:20:59.572Z,fs_item_43577310
"นม (เย็น, ปั่น)",นมสดมิ้นต์ (เย็น/ปั่น),,39,58,true,true,true,2026-07-22T16:20:59.572Z,fs_item_33559336
"นม (เย็น, ปั่น)",นมสดเย็น (เย็น/ปั่น),,29,43,true,true,true,2026-07-22T16:20:59.572Z,fs_item_33559294
"นม (เย็น, ปั่น)",นมสดเฮเซลนัท (เย็น/ปั่น),,39,58,true,true,true,2026-07-22T16:20:59.572Z,fs_item_33559305
"นม (เย็น, ปั่น)",ไมโล (เย็น/ปั่น),,29,43,true,true,true,2026-07-22T16:20:59.572Z,fs_item_33559308
"นม (เย็น, ปั่น)",โอวัลติน (เย็น/ปั่น),,29,43,true,true,true,2026-07-22T16:20:59.572Z,fs_item_33559307
น้ำเปล่า,น้ำเปล่า (เฉพาะหน้าร้าน),,12,18,true,true,true,2026-08-07T16:09:46.139Z,fs_item_49716853
เบเกอรี่ & ไอศครีม,เค้กกล้วยหอม โฮมเมด,,15,23,true,true,true,2026-07-22T16:20:59.571Z,fs_item_47642235
เบเกอรี่ & ไอศครีม,ชิโอปัง (Shio Pan) โฮมเมด ใหญ่ขึ้น,,25,37,true,true,true,2026-07-22T16:20:59.571Z,fs_item_44187147
เบเกอรี่ & ไอศครีม,ซอฟต์คุกกี้ โฮมเมด (เลือกได้),,17,26,true,true,true,2026-07-22T16:20:59.571Z,fs_item_45717125
เบเกอรี่ & ไอศครีม,บราวนี่โฮมเมด,,15,23,true,true,true,2026-07-22T16:20:59.572Z,fs_item_44909012
เบเกอรี่ & ไอศครีม,ปังเนยกรอบอบไอน้ำ,,25,37,true,true,true,2026-07-22T16:22:06.156Z,fs_item_43772079
เบเกอรี่ & ไอศครีม,ปังมันม่วง อบสด โฮมเมด,,25,37,true,true,true,2026-07-22T16:20:59.572Z,fs_item_44359362
เบเกอรี่ & ไอศครีม,มันไทยอบ ดั้งเดิม,,15,23,true,true,true,2026-07-22T16:20:59.572Z,fs_item_47343036
เบเกอรี่ & ไอศครีม,วาฟเฟิลเบลเยียม โฮมเมด,,15,23,true,true,true,2026-07-22T16:20:59.572Z,fs_item_49538393
เบเกอรี่ & ไอศครีม,Ice Cream To-Go แก้วใหญ่ 16oz (แถมถุงเย็น),,29,43,true,true,true,2026-07-22T16:20:59.572Z,fs_item_44595674
"เบาเบากับน้ำเต้าหู้ (เย็น, ปั่น)",น้ำเต้าหู้โกโก้ (เย็น/ปั่น),,29,43,true,true,true,2026-07-22T16:22:06.155Z,fs_item_42818456
"เบาเบากับน้ำเต้าหู้ (เย็น, ปั่น)",น้ำเต้าหู้นมสด (เย็น/ปั่น),,29,43,true,true,true,2026-07-22T16:22:06.155Z,fs_item_42818071
"เบาเบากับน้ำเต้าหู้ (เย็น, ปั่น)",น้ำเต้าหู้เผือก (เย็น/ปั่น),,39,58,true,true,true,2026-07-22T16:22:06.155Z,fs_item_42818404
"เบาเบากับน้ำเต้าหู้ (เย็น, ปั่น)",น้ำเต้าหู้สูตรดั้งเดิม (เย็น/ปั่น),,29,43,true,true,true,2026-07-22T16:22:06.155Z,fs_item_42817721
"เบาเบากับน้ำเต้าหู้ (เย็น, ปั่น)",น้ำเต้าหู้โอวัลติน (เย็น/ปั่น),,29,43,true,true,true,2026-07-22T16:22:06.155Z,fs_item_42818345
ผลไม้ปั่น & สมูทตี้,มะม่วงปั่น แก้วใหญ่ 22 ออนซ์,,39,58,true,true,true,2026-07-22T16:20:59.572Z,fs_item_43461233
ผลไม้ปั่น & สมูทตี้,มิกซ์เบอร์รี่ปั่น แก้วใหญ่ 22 ออนซ์,,49,73,true,true,true,2026-07-22T16:20:59.572Z,fs_item_43406368
ผลไม้ปั่น & สมูทตี้,สตรอเบอร์รี่ปั่น แก้วใหญ่ 22 ออนซ์,,35,52,true,true,true,2026-07-22T16:20:59.572Z,fs_item_43337115
ผลไม้ปั่น & สมูทตี้,ส้มปั่น แก้วใหญ่ 22 ออนซ์,,39,58,true,true,true,2026-07-22T16:20:59.572Z,fs_item_43412772
ผลไม้ปั่น & สมูทตี้,(สมูทตี้) มะม่วง แก้วใหญ่ 22 ออนซ์,,59,87,true,true,true,2026-07-22T16:20:59.572Z,fs_item_43461330
ผลไม้ปั่น & สมูทตี้,(สมูทตี้) มันม่วง แก้วใหญ่ 22 ออนซ์,,55,82,true,true,true,2026-07-22T16:20:59.572Z,fs_item_43577356
ผลไม้ปั่น & สมูทตี้,(สมูทตี้) มิกซ์เบอร์รี่ แก้วใหญ่ 22 ออนซ์,,59,87,true,true,true,2026-07-22T16:20:59.572Z,fs_item_43406465
ผลไม้ปั่น & สมูทตี้,(สมูทตี้) สตรอเบอร์รี่ แก้วใหญ่ 22 ออนซ์,,45,67,true,true,true,2026-07-22T16:20:59.572Z,fs_item_43337275
ผลไม้ปั่น & สมูทตี้,(สมูทตี้) ส้ม แก้วใหญ่ 22 ออนซ์,,55,82,true,true,true,2026-07-22T16:20:59.572Z,fs_item_43412845
มัจฉะแท้,เพียวมัทฉะ (Pure Matcha),,35,52,true,true,true,2026-07-22T16:20:59.572Z,fs_item_42221869
มัจฉะแท้,มัทฉะครีมชีส (Matcha Cheese Tea),,55,82,true,true,true,2026-07-22T16:20:59.572Z,fs_item_42221555
มัจฉะแท้,มัทฉะบราวน์ชูการ์ไข่มุก (Matcha Brown Sugar Boba),,49,73,true,true,true,2026-07-22T16:20:59.572Z,fs_item_42221669
มัจฉะแท้,มัทฉะมะพร้าว,,49,73,true,true,true,2026-07-22T16:20:59.572Z,fs_item_42571021
มัจฉะแท้,มัทฉะมะพร้าวนม,,49,73,true,true,true,2026-07-22T16:20:59.572Z,fs_item_42571194
มัจฉะแท้,มัทฉะลาเต้ (Matcha Latte),,45,67,true,true,true,2026-07-22T16:20:59.572Z,fs_item_42217588
มัจฉะแท้,มัทฉะเลม่อนเย็น (Matcha Lemon),,39,58,true,true,true,2026-07-22T16:20:59.572Z,fs_item_43979100
อิตาเลียน โซดา,เขียวโซดา,,25,37,true,true,true,2026-07-22T16:20:59.571Z,fs_item_33559290
อิตาเลียน โซดา,เขียวมะนาวโซดา,,35,52,true,true,true,2026-07-22T16:20:59.571Z,fs_item_33559288
อิตาเลียน โซดา,แดงโซดา,,25,37,true,true,true,2026-07-22T16:20:59.571Z,fs_item_33559335
อิตาเลียน โซดา,แดงมะนาวโซดา,,35,52,true,true,true,2026-07-22T16:20:59.572Z,fs_item_33559289
อิตาเลียน โซดา,น้ำผึ้งมะนาวโซดา,,35,52,true,true,true,2026-07-22T16:22:06.155Z,fs_item_33559299
อิตาเลียน โซดา,บลูเบอร์รี่โซดา,,25,37,true,true,true,2026-07-22T16:20:59.572Z,fs_item_33559297
อิตาเลียน โซดา,บลูฮาวายโซดา,,25,37,true,true,true,2026-07-22T16:20:59.572Z,fs_item_33559300
อิตาเลียน โซดา,บ๊วยโซดา,,29,43,true,true,true,2026-07-22T16:20:59.572Z,fs_item_33559298
อิตาเลียน โซดา,มะนาวโซดา,,29,43,true,true,true,2026-07-22T16:20:59.572Z,fs_item_33559337
อิตาเลียน โซดา,ลิ้นจี่โซดา,,25,37,true,true,true,2026-07-22T16:20:59.572Z,fs_item_33559296
อิตาเลียน โซดา,สตรอว์เบอร์รีโซดา,,25,37,true,true,true,2026-07-22T16:20:59.572Z,fs_item_33559334
อิตาเลียน โซดา,เสาวรสโซดา,,25,37,true,true,true,2026-07-22T16:20:59.572Z,fs_item_33559333
อิตาเลียน โซดา,แอปเปิ้ลโซดา,,25,37,true,true,true,2026-07-22T16:20:59.572Z,fs_item_33559291
** ไอศครีม **,(กลาง) ไอศกรีมซอฟต์เสิร์ฟ (เฉพาะหน้าร้าน),,15,23,true,true,true,2026-07-22T16:20:59.571Z,fs_item_35165493
** ไอศครีม **,(เล็ก) ไอศกรีมซอฟต์เสิร์ฟ (เฉพาะหน้าร้าน),,12,18,true,true,true,2026-07-22T16:20:59.572Z,fs_item_36373237
** ไอศครีม **,(ใหญ่) ไอศกรีมซอฟต์เสิร์ฟ (เฉพาะหน้าร้าน),,19,28,true,true,true,2026-07-22T16:20:59.572Z,fs_item_35165503
"Signature Drinks (เย็น, ปั่น)",กาแฟโบราณ บราวน์ชูการ์ (เย็น/ปั่น),,45,67,true,true,true,2026-07-22T16:20:59.571Z,fs_item_33768737
"Signature Drinks (เย็น, ปั่น)",โกโก้มิ้นต์ (เย็น/ปั่น),,39,58,true,true,true,2026-07-22T16:20:59.571Z,fs_item_33559309
"Signature Drinks (เย็น, ปั่น)",โกโก้ (เย็น/ปั่น),,29,43,true,true,true,2026-07-22T16:20:59.571Z,fs_item_33559286
"Signature Drinks (เย็น, ปั่น)",โกโก้ลาวาช็อกขูด (เย็น/ปั่น),,49,73,true,true,true,2026-07-22T16:20:59.571Z,fs_item_47385144
"Signature Drinks (เย็น, ปั่น)",โกโก้สตรอว์เบอร์รี (เย็น/ปั่น),,39,58,true,true,true,2026-07-22T16:20:59.571Z,fs_item_33559319
"Signature Drinks (เย็น, ปั่น)",ชาเขียวนม (เย็น/ปั่น),,29,43,true,true,true,2026-07-22T16:20:59.571Z,fs_item_33559328
"Signature Drinks (เย็น, ปั่น)",ชาไทยชีส (เย็น/ปั่น),,49,73,true,true,true,2026-07-22T16:20:59.571Z,fs_item_33768746
"Signature Drinks (เย็น, ปั่น)",ชานมไข่มุกบราวน์ชูการ์ (เย็น/ปั่น),,45,67,true,true,true,2026-07-22T16:20:59.571Z,fs_item_33559326
"Signature Drinks (เย็น, ปั่น)",ชานมไข่มุก (เย็น/ปั่น),,29,43,true,true,true,2026-07-22T16:20:59.571Z,fs_item_33559314
"Signature Drinks (เย็น, ปั่น)",ชานมชีส (เย็น/ปั่น),,45,67,true,true,true,2026-07-22T16:20:59.571Z,fs_item_33559318
