category,name,nameEn,price_store,price_delivery,source
เบเกอรี่ & ไอศครีม,ชิโอปัง (Shio Pan) โฮมเมด ใหญ่ขึ้น,,19,,wongnai-export-2026-07-13
เบเกอรี่ & ไอศครีม,ปังมันม่วง อบสด โฮมเมด,Purple Yam Bun – Homemade,19,,wongnai-export-2026-07-13
"Signature Drinks (เย็น, ปั่น)",โกโก้ลาวาช็อกขูด (เย็น/ปั่น),,44,,wongnai-export-2026-07-13
"Signature Drinks (เย็น, ปั่น)",โกโก้สตรอว์เบอร์รี (เย็น/ปั่น),Cocoa Strawberry,34,,wongnai-export-2026-07-13
ผลไม้ปั่น & สมูทตี้,(สมูทตี้) มิกซ์เบอร์รี่ แก้วใหญ่ 22 ออนซ์,,54,,wongnai-export-2026-07-13
ผลไม้ปั่น & สมูทตี้,มิกซ์เบอร์รี่ปั่น แก้วใหญ่ 22 ออนซ์,,44,,wongnai-export-2026-07-13
ผลไม้ปั่น & สมูทตี้,(สมูทตี้) สตรอเบอร์รี่ แก้วใหญ่ 22 ออนซ์,,39,,wongnai-export-2026-07-13
ผลไม้ปั่น & สมูทตี้,สตรอเบอร์รี่ปั่น แก้วใหญ่ 22 ออนซ์,,29,,wongnai-export-2026-07-13
อิตาเลียน โซดา,สตรอว์เบอร์รีโซดา,Strawberry Soda,19,,wongnai-export-2026-07-13
เบเกอรี่ & ไอศครีม,บราวนี่โฮมเมด,,13,,wongnai-export-2026-07-13
ชา,ชาสตรอว์เบอร์รี,Strawberry Tea,19,,wongnai-export-2026-07-13
เบเกอรี่ & ไอศครีม,Ice Cream To-Go แก้วใหญ่ 16oz (แถมถุงเย็น),,25,,wongnai-export-2026-07-13
เบเกอรี่ & ไอศครีม,เค้กกล้วยหอม โฮมเมด,,13,,wongnai-export-2026-07-13
เบเกอรี่ & ไอศครีม,วาฟเฟิลเบลเยียม โฮมเมด,,13,,wongnai-export-2026-07-13
* กาแฟสด อื่นๆ ร้อน,กาแฟสด เผือกลาเต้ร้อน,Fresh Coffee Hot Taro Latte,29,,wongnai-export-2026-07-13
* กาแฟสด อื่นๆ ร้อน,กาแฟสด มอคค่ามิ้นต์ร้อน,Hot Mint Mocha Coffee,35,,wongnai-export-2026-07-13
* กาแฟสด อื่นๆ ร้อน,กาแฟสด โกโก้มอคค่าร้อน,"Fresh Coffee, Hot Cocoa Mocha",29,,wongnai-export-2026-07-13
* กาแฟสด อื่นๆ ร้อน,กาแฟสด โอวัลตินเอสเปรสโซ่ร้อน,"Fresh Coffee, Hot Ovaltine Espresso",35,,wongnai-export-2026-07-13
* กาแฟสด อื่นๆ ร้อน,กาแฟสด เฮเซลนัทมอคค่าร้อน 12 ออนซ์,Hot Hazelnut Mocha Coffee,35,,wongnai-export-2026-07-13
* กาแฟสด อื่นๆ ร้อน,กาแฟสด คาราเมลลาเต้ร้อน 12 ออนซ์,Hot Caramel Latte,35,,wongnai-export-2026-07-13
* กาแฟสด อื่นๆ ร้อน,ช็อกโกแลตมิลค์ร้อน 12 ออนซ์,Hot Chocolate Milk,25,,wongnai-export-2026-07-13
* กาแฟสด อื่นๆ ร้อน,นมร้อน 12 ออนซ์,Hot Milk,19,,wongnai-export-2026-07-13
* กาแฟสด อื่นๆ ร้อน,กาแฟสด มอคค่า ร้อน 12 ออนซ์,Hot Mocha Coffee,29,,wongnai-export-2026-07-13
* กาแฟสด อื่นๆ ร้อน,กาแฟสด Caramel Macchiato (คาราเมลมัคคิอาโต้) ร้อน 12 ออนซ์,Hot Caramel Macchiato,35,,wongnai-export-2026-07-13
* กาแฟสด อื่นๆ ร้อน,กาแฟสด Flat White (แฟลตไวท์) ร้อน 12 ออนซ์,Hot Flat White,29,,wongnai-export-2026-07-13
* กาแฟสด อื่นๆ ร้อน,กาแฟสด Long Black (ลองแบล็ค) ร้อน 12 ออนซ์,Hot Long Black,25,,wongnai-export-2026-07-13
* กาแฟสด อื่นๆ ร้อน,กาแฟสด Cappuccino (คาปูชิโน่) ร้อน 12 ออนซ์,Hot Cappuccino,29,,wongnai-export-2026-07-13
* กาแฟสด อื่นๆ ร้อน,กาแฟสด ลาเต้ (Latte) ร้อน 12 ออนซ์,Hot Latte,29,,wongnai-export-2026-07-13
* กาแฟสด อื่นๆ ร้อน,กาแฟสด Espresso (เอสเปรสโซ่) ร้อน 12 ออนซ์,Hot Espresso,29,,wongnai-export-2026-07-13
* กาแฟสด อื่นๆ ร้อน,กาแฟสด อเมริกาโน่ (Americano) ร้อน 12 ออนซ์,Hot Americano,25,,wongnai-export-2026-07-13
* กาแฟสดฟิวชันสดชื่น,กาแฟสดโซดา เอสเปรสโซ่มะม่วง เย็น 16 ออนซ์,"Fresh Coffee Soda, Iced Mango Espresso",25,,wongnai-export-2026-07-13
* กาแฟสดฟิวชันสดชื่น,กาแฟสดโซดา เอสเปรสโซ่บ๊วย เย็น 16 ออนซ์,Espresso with Plum Soda (Iced),25,,wongnai-export-2026-07-13
* กาแฟสดฟิวชันสดชื่น,กาแฟสดโซดา เอสเปรสโซ่ลิ้นจี่ เย็น 16 ออนซ์,Iced Lychee Espresso Soda,25,,wongnai-export-2026-07-13
* กาแฟสดฟิวชันสดชื่น,กาแฟสดโซดา เอสเปรสโซ่เสาวรส เย็น 16 ออนซ์,Passion Fruit Espresso Soda (Iced),25,,wongnai-export-2026-07-13
* กาแฟสดฟิวชันสดชื่น,กาแฟสดโซดา เอสเปรสโซ่บลูฮาวาย เย็น 16 ออนซ์,Iced Espresso Blue Hawaii Soda,25,,wongnai-export-2026-07-13
* กาแฟสดฟิวชันสดชื่น,กาแฟสด บุกบราวน์ชูการ์ เย็น 16 ออนซ์,Iced Fresh Coffee with Brown Sugar Jelly,29,,wongnai-export-2026-07-13
* กาแฟสดฟิวชันสดชื่น,กาแฟสด น้ำผึ้งมะนาว เย็น 16 ออนซ์,Iced Honey Lemon Coffee,29,,wongnai-export-2026-07-13
* กาแฟสดฟิวชันสดชื่น,กาแฟสด บลูฮาวายเอสเปรสโซ่ เย็น 16 ออนซ์,Iced Blue Hawaii Espresso,25,,wongnai-export-2026-07-13
* กาแฟสดฟิวชันสดชื่น,กาแฟสด บ๊วยเอสเปรสโซ่ เย็น 16 ออนซ์,Iced Plum Espresso,25,,wongnai-export-2026-07-13
* กาแฟสดฟิวชันสดชื่น,กาแฟสด เสาวรสเอสเปรสโซ่ เย็น 16 ออนซ์,Passion Fruit Espresso (Iced),25,,wongnai-export-2026-07-13
* กาแฟสดนมนุ่มละมุน,กาแฟสด เอสเปรสโซ่ไทยสไตล์ เย็น 16 ออนซ์,Thai Style Iced Espresso,29,,wongnai-export-2026-07-13
* กาแฟสดนมนุ่มละมุน,กาแฟสด ไมโลกาแฟ เย็น 16 ออนซ์,Fresh Coffee Milo Coffee Iced,29,,wongnai-export-2026-07-13
* กาแฟสดนมนุ่มละมุน,กาแฟสด โอวัลตินช็อตกาแฟ เย็น 16 ออนซ์,Iced Ovaltine Coffee Shot,29,,wongnai-export-2026-07-13
* กาแฟสดนมนุ่มละมุน,ช็อกโกแลตมิลค์ เย็น 16 ออนซ์,ice Chocolate Milk,29,,wongnai-export-2026-07-13
* กาแฟสดนมนุ่มละมุน,กาแฟสด ช็อกโกแลตเอสเปรสโซ่ เย็น 16 ออนซ์,Iced Chocolate Espresso,29,,wongnai-export-2026-07-13
* กาแฟสดนมนุ่มละมุน,กาแฟสด คาราเมลมัคคิอาโต้ เย็น 16 ออนซ์,Iced Caramel Macchiato,39,,wongnai-export-2026-07-13
* กาแฟสดนมนุ่มละมุน,กาแฟสด แฟลตไวท์ เย็น 16 ออนซ์,Iced Flat White,35,,wongnai-export-2026-07-13
* กาแฟสดนมนุ่มละมุน,กาแฟสด มอคค่า เย็น 16 ออนซ์,Iced Mocha,35,,wongnai-export-2026-07-13
* กาแฟสดนมนุ่มละมุน,กาแฟสด คาปูชิโน่ เย็น 16 ออนซ์,Caffè Cappuccino with Ice,35,,wongnai-export-2026-07-13
* กาแฟสดนมนุ่มละมุน,กาแฟสด ลาเต้ เย็น 16 ออนซ์,Caffè Latte with Ice,35,,wongnai-export-2026-07-13
* กาแฟสดเข้มข้น,กาแฟสด โอเลี้ยงเฮเซลนัท เย็น 16 ออนซ์,Iced Hazelnut Oleang Coffee,29,,wongnai-export-2026-07-13
* กาแฟสดเข้มข้น,กาแฟสด กาแฟโบราณ เย็น 16 ออนซ์,"Fresh Coffee, Traditional Coffee, Iced",29,,wongnai-export-2026-07-13
* กาแฟสดเข้มข้น,กาแฟสด โอเลี้ยง เย็น 16 ออนซ์,Thai Iced Coffee,29,,wongnai-export-2026-07-13
* กาแฟสดเข้มข้น,กาแฟสด ลองแบล็ค เย็น 16 ออนซ์,Iced Long Black,29,,wongnai-export-2026-07-13
* กาแฟสดเข้มข้น,กาแฟสด เอสเปรสโซ่ เย็น 16 ออนซ์,Iced Caffè Espresso,35,,wongnai-export-2026-07-13
* กาแฟสดเข้มข้น,กาแฟสด อเมริกาโน่ เย็น 16 ออนซ์,Caffè Americano with ice,29,,wongnai-export-2026-07-13
0% แคล โซดาซ่าเพื่อสุขภาพ,0% แคล โซดาพีช,0% Cal Peach Soda,19,,wongnai-export-2026-07-13
0% แคล ชาเพื่อสุขภาพ,0% แคล ชาพีช,0% Cal Peach Tea,19,,wongnai-export-2026-07-13
"เบาเบากับน้ำเต้าหู้ (เย็น, ปั่น)",น้ำเต้าหู้โกโก้ (เย็น/ปั่น),,24,,wongnai-export-2026-07-13
"เบาเบากับน้ำเต้าหู้ (เย็น, ปั่น)",น้ำเต้าหู้เผือก (เย็น/ปั่น),,34,,wongnai-export-2026-07-13
"เบาเบากับน้ำเต้าหู้ (เย็น, ปั่น)",น้ำเต้าหู้โอวัลติน (เย็น/ปั่น),,24,,wongnai-export-2026-07-13
"เบาเบากับน้ำเต้าหู้ (เย็น, ปั่น)",น้ำเต้าหู้นมสด (เย็น/ปั่น),,24,,wongnai-export-2026-07-13
"เบาเบากับน้ำเต้าหู้ (เย็น, ปั่น)",น้ำเต้าหู้สูตรดั้งเดิม (เย็น/ปั่น),,24,,wongnai-export-2026-07-13
น้ำเปล่า,น้ำเปล่า (เฉพาะหน้าร้าน),,10,,wongnai-export-2026-07-13
ผลไม้ปั่น & สมูทตี้,(สมูทตี้) มะม่วง แก้วใหญ่ 22 ออนซ์,,54,,wongnai-export-2026-07-13
ผลไม้ปั่น & สมูทตี้,มะม่วงปั่น แก้วใหญ่ 22 ออนซ์,,34,,wongnai-export-2026-07-13
เบเกอรี่ & ไอศครีม,มันไทยอบ ดั้งเดิม,,13,,wongnai-export-2026-07-13
"นม (เย็น, ปั่น)",นมสดไข่มุกบราวน์ชูการ์ (เย็น/ปั่น),Fresh Milk with boba & brown sugar,44,,wongnai-export-2026-07-13
มัจฉะแท้,มัทฉะบราวน์ชูการ์ไข่มุก (Matcha Brown Sugar Boba),,45,,wongnai-export-2026-07-13
ทัอปปิ้ง,ไข่มุก,Boba,5,,wongnai-export-2026-07-13
"Signature Drinks (เย็น, ปั่น)",ชานมไข่มุกบราวน์ชูการ์ (เย็น/ปั่น),Bubble Tea with Brown Sugar,39,,wongnai-export-2026-07-13
"Signature Drinks (เย็น, ปั่น)",ชานมไข่มุก (เย็น/ปั่น),Bubble Tea,24,,wongnai-export-2026-07-13
ทัอปปิ้ง,บุกบราวน์ชูการ์,Brown Sugar Konjac,10,,wongnai-export-2026-07-13
เบเกอรี่ & ไอศครีม,ซอฟต์คุกกี้ โฮมเมด (เลือกได้),,15,,wongnai-export-2026-07-13
"Signature Drinks (เย็น, ปั่น)",โกโก้ (เย็น/ปั่น),Cocoa,24,,wongnai-export-2026-07-13
"Signature Drinks (เย็น, ปั่น)",โกโก้มิ้นต์ (เย็น/ปั่น),Cocoa Mint,34,,wongnai-export-2026-07-13
ทัอปปิ้ง,วุ้นว่านหางจระเข้ หั่นลูกเต๋า,,15,,wongnai-export-2026-07-13
ทัอปปิ้ง,เฉาก๊วยหนึบเนื้อแน่น,,9,,wongnai-export-2026-07-13
0% แคล ชาเพื่อสุขภาพ,0% แคล ชามะลิ,0% Cal Jasmine Tea,19,,wongnai-export-2026-07-13
เบเกอรี่ & ไอศครีม,ปังเนยกรอบอบไอน้ำ,,19,,wongnai-export-2026-07-13
ผลไม้ปั่น & สมูทตี้,(สมูทตี้) มันม่วง แก้วใหญ่ 22 ออนซ์,,49,,wongnai-export-2026-07-13
ผลไม้ปั่น & สมูทตี้,(สมูทตี้) ส้ม แก้วใหญ่ 22 ออนซ์,,49,,wongnai-export-2026-07-13
ผลไม้ปั่น & สมูทตี้,ส้มปั่น แก้วใหญ่ 22 ออนซ์,,34,,wongnai-export-2026-07-13
ทัอปปิ้ง,ครีมซีส,Cheese,20,,wongnai-export-2026-07-13
ทัอปปิ้ง,บุกน้ำตาล,Sugar Konjac,10,,wongnai-export-2026-07-13
ทัอปปิ้ง,เจลลี่ผลไม้,Fruit Jelly,5,,wongnai-export-2026-07-13
ทัอปปิ้ง,บุกน้ำผึ้ง,Honey Konjac,10,,wongnai-export-2026-07-13
ทัอปปิ้ง,ซอสบราวน์ชูการ์,Brown Sugar Sauce,15,,wongnai-export-2026-07-13
"Signature Drinks (เย็น, ปั่น)",ชาเขียวนม (เย็น/ปั่น),Green Tea with Milk,24,,wongnai-export-2026-07-13
"Signature Drinks (เย็น, ปั่น)",ชานมชีส (เย็น/ปั่น),Cream Cheese Milk Tea,39,,wongnai-export-2026-07-13
ชา,ชาดำเย็น,Iced Black Tea,19,,wongnai-export-2026-07-13
ชา,ชาบลูเบอร์รี่,Blueberry Tea,19,,wongnai-export-2026-07-13
ชา,ชาแอปเปิ้ล,Apple Tea,19,,wongnai-export-2026-07-13
ชา,ชาลิ้นจี่,Lychee Tea,19,,wongnai-export-2026-07-13
ชา,ชามะนาว,Lime tea,24,,wongnai-export-2026-07-13
ชา,ชาเขียวมะลิ,Jasmine Tea,19,,wongnai-export-2026-07-13
ชา,ชาเสาวรส,Passion Fruit Tea,19,,wongnai-export-2026-07-13
"ชานม (เย็น, ปั่น)",ชาไทย (เย็น/ปั่น),Thai Milk Tea,24,,wongnai-export-2026-07-13
"ชานม (เย็น, ปั่น)",ชานมใต้หวัน (เย็น/ปั่น),Taiwanese Milk Tea,19,,wongnai-export-2026-07-13
"ชานม (เย็น, ปั่น)",ชานมเผือก (เย็น/ปั่น),Taro Milk Tea,29,,wongnai-export-2026-07-13
"ชานม (เย็น, ปั่น)",ชานมคาราเมล (เย็น/ปั่น),Caramel Milk Tea,29,,wongnai-export-2026-07-13
"ชานม (เย็น, ปั่น)",ชานมมิ้นต์ (เย็น/ปั่น),Minty Milk Tea,29,,wongnai-export-2026-07-13
"ชานม (เย็น, ปั่น)",ชานมกาแฟ (เย็น/ปั่น),Coffee Milk Tea,24,,wongnai-export-2026-07-13
"ชานม (เย็น, ปั่น)",ชานมเฮเซลนัท (เย็น/ปั่น),Hazelnut Milk Tea,29,,wongnai-export-2026-07-13
"กาแฟ (เย็น, ปั่น)",โกปี๊ ยกล้อ (ใส่นม) (เย็น/ปั่น),Original Black Coffee topped with Fresh Milk,24,,wongnai-export-2026-07-13
"กาแฟ (เย็น, ปั่น)",โกปี๊อ้อ (โอเลี้ยง) (เย็น/ปั่น),Original Black Coffee,19,,wongnai-export-2026-07-13
"กาแฟ (เย็น, ปั่น)",ลาเต้ (เย็น/ปั่น),Latte,29,,wongnai-export-2026-07-13
"กาแฟ (เย็น, ปั่น)",มอคค่า (เย็น/ปั่น),Mocha,29,,wongnai-export-2026-07-13
"กาแฟ (เย็น, ปั่น)",โกปี๊ โบราณ (เย็น/ปั่น),Original Milk Coffee,24,,wongnai-export-2026-07-13
"กาแฟ (เย็น, ปั่น)",เนสกาแฟ (เย็น/ปั่น),Nescafe Milk Coffee,24,,wongnai-export-2026-07-13
"นม (เย็น, ปั่น)",โอวัลติน (เย็น/ปั่น),Ovaltine,24,,wongnai-export-2026-07-13
"นม (เย็น, ปั่น)",ไมโล (เย็น/ปั่น),Milo,24,,wongnai-export-2026-07-13
"นม (เย็น, ปั่น)",นมสดเย็น (เย็น/ปั่น),Fresh Milk,24,,wongnai-export-2026-07-13
"นม (เย็น, ปั่น)",นมสดน้ำผึ้ง (เย็น/ปั่น),Honey Fresh Milk,34,,wongnai-export-2026-07-13
"นม (เย็น, ปั่น)",นมมรกต (เย็น/ปั่น),Green Fresh Milk,29,,wongnai-export-2026-07-13
"นม (เย็น, ปั่น)",นมสดเฮเซลนัท (เย็น/ปั่น),Hazelnut Fresh Milk,34,,wongnai-export-2026-07-13
"นม (เย็น, ปั่น)",นมสดเผือก (เย็น/ปั่น),Taro Fresh Milk,34,,wongnai-export-2026-07-13
"นม (เย็น, ปั่น)",นมชมพู (เย็น/ปั่น),Pink Fresh Milk,29,,wongnai-export-2026-07-13
"นม (เย็น, ปั่น)",นมสดคาราเมล (เย็น/ปั่น),Caramel Fresh Milk,34,,wongnai-export-2026-07-13
"นม (เย็น, ปั่น)",นมสดมิ้นต์ (เย็น/ปั่น),Minty Fresh Milk,34,,wongnai-export-2026-07-13
อิตาเลียน โซดา,แดงโซดา,Red Soda,19,,wongnai-export-2026-07-13
อิตาเลียน โซดา,เขียวโซดา,Green Soda,19,,wongnai-export-2026-07-13
อิตาเลียน โซดา,บ๊วยโซดา,Plum Soda,24,,wongnai-export-2026-07-13
อิตาเลียน โซดา,แอปเปิ้ลโซดา,Apple Soda,19,,wongnai-export-2026-07-13
อิตาเลียน โซดา,บลูเบอร์รี่โซดา,Blueberry Soda,19,,wongnai-export-2026-07-13
อิตาเลียน โซดา,เขียวมะนาวโซดา,Green Soda with Lime,29,,wongnai-export-2026-07-13
อิตาเลียน โซดา,บลูฮาวายโซดา,Blue Hawaii Soda,19,,wongnai-export-2026-07-13
อิตาเลียน โซดา,ลิ้นจี่โซดา,Lychee Soda,19,,wongnai-export-2026-07-13
อิตาเลียน โซดา,มะนาวโซดา,Lime Soda,24,,wongnai-export-2026-07-13
อิตาเลียน โซดา,น้ำผึ้งมะนาวโซดา,Honey Lime Soda,29,,wongnai-export-2026-07-13
อิตาเลียน โซดา,แดงมะนาวโซดา,Red Soda with Lime,29,,wongnai-export-2026-07-13
อิตาเลียน โซดา,เสาวรสโซดา,Passion Fruit Soda,19,,wongnai-export-2026-07-13
0% แคล ชาเพื่อสุขภาพ,0% แคล ชาสละ,0% Calorie Salak Tea,19,,wongnai-export-2026-07-13
"นม (เย็น, ปั่น)",นมสดมันม่วง,,39,,wongnai-export-2026-07-13
"ชานม (เย็น, ปั่น)",ชาไทยมันม่วง,,39,,wongnai-export-2026-07-13
"ชานม (เย็น, ปั่น)",ชานมมันม่วง,,39,,wongnai-export-2026-07-13
"Signature Drinks (เย็น, ปั่น)",กาแฟโบราณ บราวน์ชูการ์ (เย็น/ปั่น),Original Black Coffee with Brown Sugar,39,,wongnai-export-2026-07-13
"Signature Drinks (เย็น, ปั่น)",ชาไทยชีส (เย็น/ปั่น),Cream Cheese Thai Milk Tea,44,,wongnai-export-2026-07-13
0% แคล โซดาซ่าเพื่อสุขภาพ,0% แคล โซดาฟรุตพันช์,0% Cal Soda Fruit Punch,19,,wongnai-export-2026-07-13
0% แคล ชาเพื่อสุขภาพ,0% แคล ชาฟรุตพันช์,0% Cal Grapefruit Punch,19,,wongnai-export-2026-07-13
0% แคล ชาเพื่อสุขภาพ,0% แคล ชาน้ำผึ้ง,0% Cal Honey Tea,19,,wongnai-export-2026-07-13
0% แคล โซดาซ่าเพื่อสุขภาพ,0% แคล โซดาน้ำผึ้ง,0% Cal Honey Soda,19,,wongnai-export-2026-07-13
"ชานมสดคราฟต์ (เย็น, ปั่น)",ชาจัสมินฝูเจี้ยน (เย็น/ปั่น) 16 oz,Craft Fujian Jasmine,29,,wongnai-export-2026-07-13
ชา,ชาอู่หลงน้ำผึ้งมะนาว,,24,,wongnai-export-2026-07-13
ชา,ชาอู่หลงน้ำผึ้ง,,24,,wongnai-export-2026-07-13
ชา,ชาอู่หลงเย็น,,19,,wongnai-export-2026-07-13
0% แคล ชาเพื่อสุขภาพ,0% แคล ชาน้ำผึ้งมะนาว,0% Cal Honey Lemon Tea,19,,wongnai-export-2026-07-13
ทัอปปิ้ง,วุ้นกบไต้หวัน,,6,,wongnai-export-2026-07-13
0% แคล โซดาซ่าเพื่อสุขภาพ,0% แคล โซดาองุ่น,0% Calorie Grape Soda,19,,wongnai-export-2026-07-13
0% แคล ชาเพื่อสุขภาพ,0% แคล ชาองุ่น,0% Cal Grape Tea,19,,wongnai-export-2026-07-13
มัจฉะแท้,มัทฉะเลม่อนเย็น (Matcha Lemon),,35,,wongnai-export-2026-07-13
มัจฉะแท้,มัทฉะมะพร้าวนม,,45,,wongnai-export-2026-07-13
มัจฉะแท้,มัทฉะมะพร้าว,,45,,wongnai-export-2026-07-13
มัจฉะแท้,เพียวมัทฉะ (Pure Matcha),,29,,wongnai-export-2026-07-13
มัจฉะแท้,มัทฉะลาเต้ (Matcha Latte),Matcha Latee,39,,wongnai-export-2026-07-13
0% แคล โซดาซ่าเพื่อสุขภาพ,0% โคล่าโซดามะนาว,0% Cola Lemon Soda,19,,wongnai-export-2026-07-13
0% แคล โซดาซ่าเพื่อสุขภาพ,0% โคล่าโซดา,0% Cola Soda,19,,wongnai-export-2026-07-13
0% แคล ชาเพื่อสุขภาพ,0% แคล ชาแคนตาลูป,Cantaloupe Tea 0% Cal,19,,wongnai-export-2026-07-13
0% แคล ชาเพื่อสุขภาพ,0% แคล ชาลิ้นจี่,0% Cal Lychee Tea,19,,wongnai-export-2026-07-13
0% แคล โซดาซ่าเพื่อสุขภาพ,0% แคล โซดาน้ำผึ้งมะนาว,Honey Lime Soda Zero Calories,19,,wongnai-export-2026-07-13
ชาผลไม้,ชาพีชส้มยูสุ,Peach & Orange Tea,49,,wongnai-export-2026-07-13
ชาผลไม้,ชามิกซ์เบอร์รี่,Mixed Berry Tea,39,,wongnai-export-2026-07-13
มัจฉะแท้,มัทฉะครีมชีส (Matcha Cheese Tea),,49,,wongnai-export-2026-07-13
** ไอศครีม **,(เล็ก) ไอศกรีมซอฟต์เสิร์ฟ (เฉพาะหน้าร้าน),(Small) Soft Serve Ice Cream,12,,wongnai-export-2026-07-13
** ไอศครีม **,(ใหญ่) ไอศกรีมซอฟต์เสิร์ฟ (เฉพาะหน้าร้าน),(Large) Soft Serve Ice Cream,19,,wongnai-export-2026-07-13
0% แคล โซดาซ่าเพื่อสุขภาพ,0% แคล โซดาแคนตาลูป,Cantaloupe Soda Zero Calories,19,,wongnai-export-2026-07-13
0% แคล โซดาซ่าเพื่อสุขภาพ,0% แคล โซดาลิ้นจี่,0% Cal Lychee Soda,19,,wongnai-export-2026-07-13
** ไอศครีม **,(กลาง) ไอศกรีมซอฟต์เสิร์ฟ (เฉพาะหน้าร้าน),Medium Soft Serve Ice Cream,15,,wongnai-export-2026-07-13
ชาผลไม้,ชาส้มยูสุ,Orange Tea,39,,wongnai-export-2026-07-13
ชาผลไม้,ชาพีช,Peach Tea,39,,wongnai-export-2026-07-13
ชาผลไม้,ชาผลไม้รวม,Mixed Fruit Tea,39,,wongnai-export-2026-07-13